ts,tmpc
1960-03-07,-13.074999999999996
1960-03-14,-7.527380952380956
1960-03-21,-5.433333333333334
1960-03-28,-3.1333333333333346
1960-04-04,4.764880952380953
1960-04-11,4.159523809523811
1960-04-18,10.813095238095235
1960-04-25,17.091715976331358
1960-05-02,9.632142857142858
1960-05-09,11.414880952380955
1960-05-16,13.773809523809522
1960-05-23,16.80773809523809
1960-05-30,16.583333333333332
1960-06-06,19.372023809523803
1960-06-13,17.70833333333332
1960-06-20,18.839880952380945
1960-06-27,19.831547619047623
1960-07-04,20.999404761904753
1960-07-11,20.320238095238107
1960-07-18,21.354166666666675
1960-07-25,24.90357142857143
1960-08-01,22.68571428571428
1960-08-08,24.314880952380953
1960-08-15,19.836309523809522
1960-08-22,21.657142857142855
1960-08-29,23.11666666666669
1960-09-05,26.615476190476187
1960-09-12,19.677380952380943
1960-09-19,15.534523809523805
1960-09-26,15.632142857142853
1960-10-03,12.023809523809527
1960-10-10,12.534523809523805
1960-10-17,14.34583333333333
1960-10-24,5.15297619047619
1960-10-31,7.530357142857148
1960-11-07,3.3595238095238065
1960-11-14,3.14047619047619
1960-11-21,5.5886904761904805
1960-11-28,4.96309523809524
1960-12-05,-0.18988095238095118
1960-12-12,-5.654166666666665
1960-12-19,-6.151785714285715
1960-12-26,-12.968452380952376
1961-01-02,-5.836309523809521
1961-01-09,-7.2464285714285745
1961-01-16,-1.533333333333334
1961-01-23,-10.236309523809519
1961-01-30,-15.785714285714281
1961-02-06,-8.901785714285708
1961-02-13,-1.3452380952380956
1961-02-20,-1.3196428571428576
1961-02-27,0.03273809523809516
1961-03-06,1.8910714285714265
1961-03-13,-0.641071428571429
1961-03-20,-0.7708333333333334
1961-03-27,5.7904761904761894
1961-04-03,0.830357142857143
1961-04-10,3.0559523809523808
1961-04-17,3.337499999999999
1961-04-24,11.047619047619046
1961-05-01,7.741420118343201
1961-05-08,11.072023809523806
1961-05-15,16.864285714285717
1961-05-22,12.5904761904762
1961-05-29,14.694047619047607
1961-06-05,19.599404761904758
1961-06-12,23.107738095238084
1961-06-19,19.414285714285718
1961-06-26,18.60416666666668
1961-07-03,25.123214285714273
1961-07-10,20.572023809523806
1961-07-17,21.363690476190477
1961-07-24,21.712499999999995
1961-07-31,24.36130952380952
1961-08-07,22.29404761904761
1961-08-14,22.160119047619045
1961-08-21,21.683333333333348
1961-08-28,21.361904761904768
1961-09-04,23.25476190476191
1961-09-11,23.19880952380951
1961-09-18,14.5327380952381
1961-09-25,14.263095238095227
1961-10-02,9.376190476190482
1961-10-09,16.31726190476191
1961-10-16,14.631547619047621
1961-10-23,9.42202380952381
1961-10-30,10.099404761904761
1961-11-06,5.9976190476190485
1961-11-13,4.43392857142857
1961-11-20,0.49821428571428583
1961-11-27,3.597023809523812
1961-12-04,3.5452380952380946
1961-12-11,-5.144642857142859
1961-12-18,-11.713690476190482
1961-12-25,-5.4785714285714295
1962-01-01,-11.368452380952384
1962-01-08,-5.439285714285714
1962-01-15,-12.498809523809511
1962-01-22,-18.802380952380958
1962-01-29,-6.827976190476195
1962-02-05,-6.976190476190479
1962-02-12,-8.9779761904762
1962-02-19,-2.6845238095238093
1962-02-26,-8.960119047619058
1962-03-05,-16.584523809523812
1962-03-12,-2.601785714285709
1962-03-19,-5.08154761904762
1962-03-26,0.11845238095238123
1962-04-02,3.3720238095238115
1962-04-09,3.9642857142857157
1962-04-16,2.9666666666666663
1962-04-23,11.12797619047619
1962-04-30,16.898224852071
1962-05-07,16.34047619047618
1962-05-14,16.211309523809526
1962-05-21,24.08214285714286
1962-05-28,18.380357142857154
1962-06-04,17.455357142857135
1962-06-11,21.202380952380945
1962-06-18,21.885119047619035
1962-06-25,21.830952380952382
1962-07-02,23.672619047619037
1962-07-09,23.972619047619038
1962-07-16,21.04940476190479
1962-07-23,21.53571428571429
1962-07-30,18.64940476190477
1962-08-06,21.319642857142863
1962-08-13,21.860714285714284
1962-08-20,20.15714285714286
1962-08-27,21.90773809523809
1962-09-03,21.60773809523808
1962-09-10,14.847619047619029
1962-09-17,19.233333333333327
1962-09-24,12.660714285714283
1962-10-01,12.214285714285726
1962-10-08,14.10595238095236
1962-10-15,19.718452380952368
1962-10-22,11.817261904761908
1962-10-29,3.974404761904762
1962-11-05,3.5736526946107783
1962-11-12,2.1273809523809524
1962-11-19,3.448809523809527
1962-11-26,2.717857142857138
1962-12-03,7.768452380952381
1962-12-10,-4.442857142857147
1962-12-17,-8.762499999999996
1962-12-24,-3.9535714285714283
1962-12-31,-11.27261904761905
1963-01-07,-3.242261904761906
1963-01-14,-8.452976190476189
1963-01-21,-21.04047619047618
1963-01-28,-21.148809523809536
1963-02-04,-12.623214285714282
1963-02-11,-4.922023809523809
1963-02-18,-9.833928571428569
1963-02-25,-10.9297619047619
1963-03-04,-5.192857142857138
1963-03-11,-3.397619047619046
1963-03-18,1.3750000000000002
1963-03-25,5.5047619047619065
1963-04-01,11.793452380952385
1963-04-08,10.224404761904765
1963-04-15,7.98392857142857
1963-04-22,11.92321428571428
1963-04-29,10.788757396449705
1963-05-06,13.149999999999997
1963-05-13,17.80476190476192
1963-05-20,14.432142857142848
1963-05-27,12.482738095238092
1963-06-03,20.123809523809513
1963-06-10,25.662500000000005
1963-06-17,18.586309523809533
1963-06-24,20.41547619047618
1963-07-01,26.41726190476191
1963-07-08,20.02321428571428
1963-07-15,21.541071428571428
1963-07-22,24.252380952380946
1963-07-29,24.761309523809523
1963-08-05,23.786309523809503
1963-08-12,24.080357142857146
1963-08-19,17.719047619047625
1963-08-26,21.344642857142862
1963-09-02,18.841071428571436
1963-09-09,18.297619047619055
1963-09-16,16.811309523809516
1963-09-23,17.939880952380946
1963-09-30,16.022023809523812
1963-10-07,18.318452380952394
1963-10-14,15.236309523809531
1963-10-21,17.229166666666657
1963-10-28,16.094047619047632
1963-11-04,6.146428571428574
1963-11-11,8.073809523809528
1963-11-18,5.1452380952380965
1963-11-25,4.1065476190476184
1963-12-02,-0.09821428571428531
1963-12-09,-1.7374999999999976
1963-12-16,-15.012499999999994
1963-12-23,-22.097023809523805
1963-12-30,-9.595833333333337
1964-01-06,-2.5464285714285735
1964-01-13,-9.605357142857141
1964-01-20,-3.6470238095238066
1964-01-27,-2.4696428571428575
1964-02-03,-2.646428571428572
1964-02-10,-3.5952380952380967
1964-02-17,-3.049999999999998
1964-02-24,-6.021428571428575
1964-03-02,-1.2869047619047669
1964-03-09,-0.7047619047619045
1964-03-16,1.0541666666666667
1964-03-23,-2.1511904761904797
1964-03-30,-7.680952380952378
1964-04-06,1.7654761904761913
1964-04-13,7.130952380952378
1964-04-20,10.955357142857135
1964-04-27,12.280473372781065
1964-05-04,12.67857142857143
1964-05-11,18.08809523809524
1964-05-18,17.320833333333333
1964-05-25,21.287499999999994
1964-06-01,15.154761904761918
1964-06-08,17.572023809523806
1964-06-15,20.17916666666668
1964-06-22,22.040476190476188
1964-06-29,23.21190476190476
1964-07-06,23.460119047619045
1964-07-13,21.81845238095238
1964-07-20,26.0375
1964-07-27,27.02083333333333
1964-08-03,25.00297619047619
1964-08-10,21.367857142857122
1964-08-17,16.814880952380957
1964-08-24,19.842261904761898
1964-08-31,18.99285714285714
1964-09-07,20.818452380952383
1964-09-14,17.128571428571433
1964-09-21,15.730357142857153
1964-09-28,12.230952380952388
1964-10-05,11.867857142857133
1964-10-12,5.31666666666667
1964-10-19,9.898809523809518
1964-10-26,7.672619047619049
1964-11-02,9.952976190476189
1964-11-09,10.48630952380952
1964-11-16,10.704761904761904
1964-11-23,-4.132738095238097
1964-11-30,-5.545833333333334
1964-12-07,-7.8577380952380835
1964-12-14,-2.244642857142858
1964-12-21,-11.394047619047623
1964-12-28,-8.52202380952381
1965-01-04,-2.169444444444445
1965-01-11,-5.982142857142857
1965-01-18,-14.95892857142857
1965-01-25,-6.008928571428574
1965-02-01,-16.86428571428571
1965-02-08,-9.832142857142856
1965-02-15,-7.160714285714286
1965-02-22,-6.9732142857142865
1965-03-01,-6.767857142857141
1965-03-08,-2.9125000000000005
1965-03-15,-4.2250000000000005
1965-03-22,-8.185714285714282
1965-03-29,-7.248214285714289
1965-04-05,1.5732142857142861
1965-04-12,7.330357142857141
1965-04-19,6.2946428571428585
1965-04-26,8.558928571428572
1965-05-03,13.592857142857147
1965-05-10,17.544642857142865
1965-05-17,16.21607142857143
1965-05-24,16.576785714285716
1965-05-31,11.885714285714288
1965-06-07,18.364285714285703
1965-06-14,20.217857142857135
1965-06-21,18.25357142857143
1965-06-28,21.09107142857144
1965-07-05,19.685714285714287
1965-07-12,20.469642857142855
1965-07-19,22.698214285714293
1965-07-26,23.34285714285715
1965-08-02,19.866071428571438
1965-08-09,21.762499999999992
1965-08-16,23.887500000000006
1965-08-23,18.817857142857147
1965-08-30,15.985714285714282
1965-09-06,14.72142857142857
1965-09-13,16.982142857142854
1965-09-20,16.017857142857142
1965-09-27,10.250000000000002
1965-10-04,13.141071428571427
1965-10-11,10.980357142857143
1965-10-18,13.128571428571432
1965-10-25,9.996428571428575
1965-11-01,7.971428571428571
1965-11-08,10.266071428571431
1965-11-15,3.173214285714286
1965-11-22,2.203571428571428
1965-11-29,-0.024999999999999818
1965-12-06,0.9535714285714285
1965-12-13,3.898214285714285
1965-12-20,-2.533928571428571
1965-12-27,-1.3767857142857143
1966-01-03,-0.32678571428571435
1966-01-10,-7.771428571428571
1966-01-17,-10.091071428571425
1966-01-24,-17.85
1966-01-31,-20.53571428571428
1966-02-07,-11.303571428571429
1966-02-14,1.1732142857142853
1966-02-21,-10.901785714285714
1966-02-28,-3.7053571428571437
1966-03-07,-0.5124999999999998
1966-03-14,5.123214285714285
1966-03-21,7.900000000000001
1966-03-28,-1.4803571428571425
1966-04-04,6.128571428571427
1966-04-11,2.3285714285714287
1966-04-18,8.305357142857144
1966-04-25,9.367857142857144
1966-05-02,7.130357142857142
1966-05-09,12.8875
1966-05-16,7.8553571428571445
1966-05-23,15.560714285714285
1966-05-30,16.937500000000004
1966-06-06,19.092857142857145
1966-06-13,17.85
1966-06-20,19.585714285714285
1966-06-27,25.439285714285717
1966-07-04,26.48928571428571
1966-07-11,25.41071428571427
1966-07-18,25.026785714285726
1966-07-25,21.96428571428572
1966-08-01,21.958928571428572
1966-08-08,20.103571428571428
1966-08-15,18.083928571428572
1966-08-22,19.183928571428567
1966-08-29,19.560714285714287
1966-09-05,22.35714285714286
1966-09-12,17.925000000000004
1966-09-19,15.851785714285716
1966-09-26,13.96607142857143
1966-10-03,11.357142857142858
1966-10-10,13.482142857142858
1966-10-17,10.2
1966-10-24,8.066071428571425
1966-10-31,8.439285714285715
1966-11-07,0.38035714285714256
1966-11-14,0.7392857142857148
1966-11-21,2.698214285714286
1966-11-28,6.012500000000001
1966-12-05,-7.09107142857143
1966-12-12,-3.132142857142857
1966-12-19,-0.017857142857142603
1966-12-26,-6.805357142857143
1967-01-02,-7.237500000000003
1967-01-09,-8.221428571428572
1967-01-16,-6.2321428571428585
1967-01-23,-7.833928571428572
1967-01-30,-3.562500000000001
1967-02-06,-6.592857142857143
1967-02-13,-8.767857142857142
1967-02-20,-6.889285714285713
1967-02-27,-10.7375
1967-03-06,-1.1464285714285711
1967-03-13,-0.4624999999999996
1967-03-20,-2.641071428571429
1967-03-27,5.26607142857143
1967-04-03,11.287499999999994
1967-04-10,8.569642857142858
1967-04-17,11.06607142857143
1967-04-24,4.980357142857142
1967-05-01,10.135714285714288
1967-05-08,6.617857142857143
1967-05-15,10.235714285714284
1967-05-22,14.089285714285717
1967-05-29,19.280357142857152
1967-06-05,16.846666666666668
1967-06-12,20.342857142857138
1967-06-19,21.680357142857137
1967-06-26,17.876785714285717
1967-07-03,19.326785714285712
1967-07-10,17.88750000000001
1967-07-17,18.97678571428571
1967-07-24,24.07857142857144
1967-07-31,21.387500000000006
1967-08-07,20.81964285714285
1967-08-14,17.714285714285708
1967-08-21,19.20535714285714
1967-08-28,17.257142857142856
1967-09-04,15.01428571428571
1967-09-11,15.553571428571429
1967-09-18,18.08928571428572
1967-09-25,14.423214285714284
1967-10-02,10.7875
1967-10-09,12.608928571428573
1967-10-16,7.871428571428572
1967-10-23,8.017857142857144
1967-10-30,2.689285714285714
1967-11-06,0.4355932203389839
1967-11-13,4.175
1967-11-20,0.9928571428571429
1967-11-27,-1.0857142857142856
1967-12-04,-2.212500000000001
1967-12-11,2.2714285714285714
1967-12-18,-2.9249999999999994
1967-12-25,-4.226785714285714
1968-01-01,-13.703571428571426
1968-01-08,-18.521428571428583
1968-01-15,-9.701785714285718
1968-01-22,-1.1982142857142863
1968-01-29,-1.5267857142857155
1968-02-05,-0.7874999999999996
1968-02-12,-8.841071428571428
1968-02-19,-9.451785714285716
1968-02-26,-9.173214285714284
1968-03-04,-3.003571428571429
1968-03-11,2.7267857142857137
1968-03-18,4.508928571428572
1968-03-25,1.735714285714286
1968-04-01,10.94642857142857
1968-04-08,5.858928571428572
1968-04-15,11.64285714285714
1968-04-22,13.108928571428574
1968-04-29,8.560714285714285
1968-05-06,13.753571428571432
1968-05-13,12.121428571428568
1968-05-20,12.932142857142862
1968-05-27,11.858928571428569
1968-06-03,16.20178571428571
1968-06-10,25.892857142857142
1968-06-17,17.95178571428572
1968-06-24,22.253571428571433
1968-07-01,17.68571428571428
1968-07-08,19.999999999999996
1968-07-15,23.282142857142855
1968-07-22,22.844642857142862
1968-07-29,20.95357142857143
1968-08-05,20.683928571428567
1968-08-12,21.50357142857143
1968-08-19,20.507142857142863
1968-08-26,23.353571428571428
1968-09-02,16.150000000000006
1968-09-09,16.41071428571428
1968-09-16,16.339285714285715
1968-09-23,16.414285714285707
1968-09-30,12.798214285714286
1968-10-07,10.003571428571428
1968-10-14,13.749999999999998
1968-10-21,13.137500000000005
1968-10-28,5.714285714285714
1968-11-04,6.435714285714284
1968-11-11,0.8732142857142854
1968-11-18,-0.019642857142856924
1968-11-25,1.0624999999999996
1968-12-02,-0.9375000000000002
1968-12-09,-5.358928571428572
1968-12-16,-5.635714285714286
1968-12-23,-4.71607142857143
1968-12-30,-10.189285714285715
1969-01-06,-17.803571428571427
1969-01-13,-15.023214285714285
1969-01-20,-3.021428571428572
1969-01-27,-9.805357142857144
1969-02-03,-10.258928571428571
1969-02-10,-5.753571428571429
1969-02-17,-7.144642857142856
1969-02-24,-2.5053571428571453
1969-03-03,-0.9500000000000001
1969-03-10,-5.107142857142857
1969-03-17,-6.191071428571429
1969-03-24,2.6857142857142864
1969-03-31,-4.955357142857143
1969-04-07,6.135714285714287
1969-04-14,10.391071428571426
1969-04-21,10.019642857142859
1969-04-28,10.341071428571427
1969-05-05,14.671428571428567
1969-05-12,11.130357142857145
1969-05-19,14.348214285714283
1969-05-26,12.182142857142853
1969-06-02,19.03928571428571
1969-06-09,15.750000000000004
1969-06-16,15.407142857142855
1969-06-23,17.228571428571435
1969-06-30,20.298214285714284
1969-07-07,19.855357142857144
1969-07-14,23.39285714285714
1969-07-21,23.57678571428571
1969-07-28,22.34999999999999
1969-08-04,22.203571428571426
1969-08-11,22.901785714285715
1969-08-18,22.041071428571428
1969-08-25,18.951785714285712
1969-09-01,21.319642857142856
1969-09-08,18.95357142857143
1969-09-15,16.84107142857143
1969-09-22,15.098214285714283
1969-09-29,12.71964285714286
1969-10-06,17.033928571428568
1969-10-13,10.098214285714286
1969-10-20,5.632142857142857
1969-10-27,2.628571428571429
1969-11-03,2.6428571428571437
1969-11-10,6.30357142857143
1969-11-17,0.20178571428571418
1969-11-24,-3.398214285714285
1969-12-01,-1.3303571428571426
1969-12-08,-2.9
1969-12-15,-8.075
1969-12-22,-9.153571428571427
1969-12-29,-9.462499999999997
1970-01-05,-12.336785714285716
1970-01-12,-19.719642857142855
1970-01-19,-16.548750000000002
1970-01-26,-14.64446428571429
1970-02-02,-5.257142857142855
1970-02-09,-8.020714285714282
1970-02-16,-11.435714285714287
1970-02-23,-5.4785714285714295
1970-03-02,-3.6844642857142853
1970-03-09,0.8732142857142867
1970-03-16,-4.6392857142857125
1970-03-23,-0.7251785714285713
1970-03-30,-2.8285714285714283
1970-04-06,1.2785714285714287
1970-04-13,7.6660714285714295
1970-04-20,6.673035714285712
1970-04-27,12.80357142857143
1970-05-04,14.532142857142855
1970-05-11,15.907142857142858
1970-05-18,13.819642857142862
1970-05-25,21.92142857142858
1970-06-01,17.41857142857143
1970-06-08,18.61785714285714
1970-06-15,22.937857142857144
1970-06-22,19.750000000000007
1970-06-29,21.85535714285715
1970-07-06,23.76071428571429
1970-07-13,23.09821428571428
1970-07-20,21.717857142857138
1970-07-27,22.086071428571426
1970-08-03,22.953571428571426
1970-08-10,19.804285714285715
1970-08-17,22.237321428571423
1970-08-24,19.74642857142857
1970-08-31,22.708571428571435
1970-09-07,22.491071428571438
1970-09-14,14.974999999999996
1970-09-21,16.59642857142857
1970-09-28,12.278571428571428
1970-10-05,13.5125
1970-10-12,11.973214285714283
1970-10-19,6.364107142857143
1970-10-26,12.09142857142857
1970-11-02,5.214285714285715
1970-11-09,4.455357142857143
1970-11-16,2.021428571428573
1970-11-23,-0.7999999999999993
1970-11-30,-1.4085714285714281
1970-12-07,-0.3857142857142856
1970-12-14,-4.1125
1970-12-21,-7.44642857142857
1970-12-28,-11.603750000000003
1971-01-04,-8.436727272727275
1971-01-11,-16.662499999999998
1971-01-18,-14.866071428571425
1971-01-25,-9.46946428571429
1971-02-01,-17.664285714285707
1971-02-08,-15.331428571428575
1971-02-15,-12.346428571428575
1971-02-22,-0.8858928571428569
1971-03-01,-2.4710714285714284
1971-03-08,-6.189285714285714
1971-03-15,0.23892857142857116
1971-03-22,-1.1746428571428573
1971-03-29,-1.453571428571429
1971-04-05,2.978571428571429
1971-04-12,9.567857142857141
1971-04-19,12.166071428571431
1971-04-26,9.907142857142857
1971-05-03,6.073214285714288
1971-05-10,12.135714285714284
1971-05-17,14.780357142857142
1971-05-24,12.500000000000004
1971-05-31,11.894642857142854
1971-06-07,20.008928571428566
1971-06-14,20.83392857142857
1971-06-21,22.741071428571427
1971-06-28,23.888749999999998
1971-07-05,21.46571428571428
1971-07-12,20.467857142857145
1971-07-19,20.16607142857142
1971-07-26,20.16428571428571
1971-08-02,15.687499999999998
1971-08-09,18.47196428571429
1971-08-16,20.391071428571433
1971-08-23,21.78571428571428
1971-08-30,17.205714285714286
1971-09-06,23.071785714285713
1971-09-13,19.789464285714292
1971-09-20,11.89821428571428
1971-09-27,13.530357142857142
1971-10-04,19.139285714285716
1971-10-11,10.267857142857142
1971-10-18,12.514464285714284
1971-10-25,14.017678571428576
1971-11-01,10.073214285714286
1971-11-08,0.10892857142857172
1971-11-15,5.039285714285714
1971-11-22,3.97678571428571
1971-11-29,-1.469642857142857
1971-12-06,-5.344285714285713
1971-12-13,-2.38375
1971-12-20,-4.905357142857143
1971-12-27,-3.187500000000001
1972-01-03,-8.222222222222221
1972-01-10,-7.648214285714287
1972-01-17,-12.5
1972-01-24,-7.207142857142857
1972-01-31,-19.098214285714295
1972-02-07,-15.444074074074074
1972-02-14,-12.540714285714282
1972-02-21,-8.207321428571433
1972-02-28,-8.375799999999996
1972-03-06,-8.428653846153846
1972-03-13,-1.3146428571428568
1972-03-20,3.910714285714286
1972-03-27,1.3053571428571433
1972-04-03,0.2703703703703703
1972-04-10,1.8250000000000004
1972-04-17,9.21482142857143
1972-04-24,8.257142857142858
1972-05-01,10.266666666666664
1972-05-08,10.125
1972-05-15,13.666071428571428
1972-05-22,21.747857142857132
1972-05-29,20.959107142857146
1972-06-05,19.409259259259255
1972-06-12,19.43
1972-06-19,19.38035714285715
1972-06-26,16.510714285714286
1972-07-03,21.277777777777775
1972-07-10,18.135714285714293
1972-07-17,22.24285714285715
1972-07-24,25.248214285714287
1972-07-31,20.025178571428576
1972-08-07,18.34648148148148
1972-08-14,21.232142857142854
1972-08-21,27.155357142857135
1972-08-28,19.157142857142855
1972-09-04,19.031481481481478
1972-09-11,17.180357142857144
1972-09-18,19.78928571428573
1972-09-25,16.782142857142855
1972-10-02,11.594444444444445
1972-10-09,12.251964285714289
1972-10-16,9.912142857142856
1972-10-23,2.666071428571429
1972-10-30,6.560714285714285
1972-11-06,7.038888888888891
1972-11-13,4.3426785714285705
1972-11-20,-3.449642857142858
1972-11-27,-1.410714285714285
1972-12-04,-5.127962962962962
1972-12-11,-15.651785714285714
1972-12-18,-13.732321428571424
1972-12-25,-1.5419642857142848
1973-01-01,-3.519642857142857
1973-01-08,-14.30714285714286
1973-01-15,-11.735714285714284
1973-01-22,0.808214285714285
1973-01-29,-3.160535714285715
1973-02-05,-0.548214285714285
1973-02-12,-7.521428571428571
1973-02-19,-7.526785714285713
1973-02-26,-1.794642857142857
1973-03-05,2.8867857142857147
1973-03-12,4.420000000000001
1973-03-19,4.898214285714287
1973-03-26,5.208928571428571
1973-04-02,6.899999999999999
1973-04-09,4.649821428571426
1973-04-16,2.8826785714285714
1973-04-23,13.26232142857143
1973-04-30,10.405
1973-05-07,11.173214285714282
1973-05-14,13.47321428571429
1973-05-21,14.569285714285714
1973-05-28,14.781964285714285
1973-06-04,19.95333333333333
1973-06-11,23.840476190476192
1973-06-18,23.11785714285713
1973-06-25,20.79161676646707
1973-07-02,20.716766467065863
1973-07-09,25.165476190476177
1973-07-16,22.852976190476188
1973-07-23,21.950714285714287
1973-07-30,22.36708333333333
1973-08-06,21.151785714285708
1973-08-13,23.276190476190465
1973-08-20,23.519999999999985
1973-08-27,21.934166666666663
1973-09-03,25.880119760479054
1973-09-10,18.480119047619024
1973-09-17,12.997023809523807
1973-09-24,13.244311377245507
1973-10-01,17.149700598802394
1973-10-08,14.731165644171773
1973-10-15,16.33828220858895
1973-10-22,10.404848484848486
1973-10-29,10.477108433734942
1973-11-05,2.147305389221557
1973-11-12,-0.17345679012345663
1973-11-19,5.99757575757576
1973-11-26,4.658674698795184
1973-12-03,3.4415662650602425
1973-12-10,-5.635975609756097
1973-12-17,-7.630864197530869
1973-12-24,-8.874759036144576
1973-12-31,-6.955151515151514
1974-01-07,-17.055828220858906
1974-01-14,-16.49742331288343
1974-01-21,-0.08481707317073148
1974-01-28,-2.38385093167702
1974-02-04,-7.816111111111108
1974-02-11,-9.431796407185626
1974-02-18,-1.3793902439024386
1974-02-25,-5.337065868263475
1974-03-04,1.9336746987951814
1974-03-11,4.490740740740746
1974-03-18,-0.18727272727272706
1974-03-25,-6.561212121212122
1974-04-01,2.4101212121212097
1974-04-08,5.779041916167664
1974-04-15,8.116886227544907
1974-04-22,10.541818181818183
1974-04-29,14.589696969696963
1974-05-06,12.589634146341465
1974-05-13,8.459880952380958
1974-05-20,13.80059523809523
1974-05-27,15.724049079754604
1974-06-03,18.526407185628752
1974-06-10,19.112060606060606
1974-06-17,16.98263473053893
1974-06-24,20.761077844311366
1974-07-01,21.597590361445786
1974-07-08,26.213690476190486
1974-07-15,25.10071856287425
1974-07-22,25.141916167664654
1974-07-29,22.53228915662653
1974-08-05,17.877914110429465
1974-08-12,20.924242424242433
1974-08-19,21.52
1974-08-26,22.03392857142856
1974-09-02,15.435757575757576
1974-09-09,15.091676646706588
1974-09-16,16.080180722891562
1974-09-23,13.111515151515158
1974-09-30,14.231257485029934
1974-10-07,8.654491017964077
1974-10-14,11.189759036144585
1974-10-21,7.925609756097555
1974-10-28,12.639573170731706
1974-11-04,10.84251533742331
1974-11-11,4.9209876543209905
1974-11-18,1.1093975903614461
1974-11-25,2.2390909090909092
1974-12-02,-3.3096385542168703
1974-12-09,-5.246060606060602
1974-12-16,-1.2951807228915675
1974-12-23,-5.540963855421683
1974-12-30,-3.8198192771084307
1975-01-06,-5.366011904761908
1975-01-13,-7.270238095238095
1975-01-20,-10.222619047619045
1975-01-27,-5.270654761904761
1975-02-03,-4.708809523809525
1975-02-10,-12.369642857142853
1975-02-17,-6.1976190476190425
1975-02-24,-3.433136094674564
1975-03-03,-6.288690476190476
1975-03-10,-7.293690476190475
1975-03-17,-6.280297619047616
1975-03-24,3.878869047619047
1975-03-31,-1.643452380952381
1975-04-07,-1.2910714285714258
1975-04-14,3.145238095238094
1975-04-21,7.619047619047618
1975-04-28,11.93148809523809
1975-05-05,13.163690476190476
1975-05-12,14.989880952380972
1975-05-19,17.959523809523812
1975-05-26,23.315357142857124
1975-06-02,16.332678571428577
1975-06-09,18.68988095238095
1975-06-16,18.238095238095234
1975-06-23,24.679166666666653
1975-06-30,26.52452380952382
1975-07-07,26.481071428571425
1975-07-14,18.116071428571427
1975-07-21,25.607738095238098
1975-07-28,22.783928571428557
1975-08-04,25.42809523809523
1975-08-11,22.724404761904765
1975-08-18,21.806666666666654
1975-08-25,24.714880952380966
1975-09-01,20.290119047619072
1975-09-08,18.208809523809528
1975-09-15,13.621904761904759
1975-09-22,13.258333333333336
1975-09-29,10.632857142857139
1975-10-06,11.623809523809527
1975-10-13,15.405119047619047
1975-10-20,9.23511904761904
1975-10-27,12.279761904761912
1975-11-03,9.169642857142856
1975-11-10,10.845238095238093
1975-11-17,3.649999999999998
1975-11-24,3.0232142857142854
1975-12-01,-5.811309523809527
1975-12-08,-1.073214285714285
1975-12-15,-0.6178571428571434
1975-12-22,-8.913095238095243
1975-12-29,-4.417023809523808
1976-01-05,-7.747738095238096
1976-01-12,-11.408333333333319
1976-01-19,-7.113690476190477
1976-01-26,-6.056666666666667
1976-02-02,-7.996428571428569
1976-02-09,-6.766666666666659
1976-02-16,3.4232738095238138
1976-02-23,-0.986904761904762
1976-03-01,1.7684523809523804
1976-03-08,-3.5017857142857145
1976-03-15,0.6083333333333341
1976-03-22,3.5702380952380977
1976-03-29,8.967857142857143
1976-04-05,6.829166666666672
1976-04-12,9.075000000000001
1976-04-19,16.53511904761905
1976-04-26,8.518343195266269
1976-05-03,8.519047619047617
1976-05-10,13.078571428571427
1976-05-17,13.357797619047611
1976-05-24,15.791071428571426
1976-05-31,16.651904761904767
1976-06-07,19.968333333333348
1976-06-14,23.84642857142857
1976-06-21,19.41666666666667
1976-06-28,21.16547619047621
1976-07-05,19.5327380952381
1976-07-12,25.803571428571416
1976-07-19,23.38035714285715
1976-07-26,23.81273809523809
1976-08-02,21.6482142857143
1976-08-09,19.108333333333334
1976-08-16,20.139285714285702
1976-08-23,23.089047619047623
1976-08-30,21.044583333333335
1976-09-06,20.528571428571414
1976-09-13,19.66250000000001
1976-09-20,15.57083333333333
1976-09-27,11.703571428571426
1976-10-04,15.197142857142854
1976-10-11,7.408333333333333
1976-10-18,7.9077380952381
1976-10-25,1.3982142857142859
1976-11-01,2.98392857142857
1976-11-08,-0.15773809523809584
1976-11-15,-4.223809523809524
1976-11-22,0.07678571428571389
1976-11-29,-6.521428571428572
1976-12-06,-10.991071428571429
1976-12-13,-14.889285714285702
1976-12-20,-2.9148809523809525
1976-12-27,-7.91071428571429
1977-01-03,-18.08273809523809
1977-01-10,-19.35119047619046
1977-01-17,-21.385595238095238
1977-01-24,-13.194642857142872
1977-01-31,-15.657738095238095
1977-02-07,-12.566666666666674
1977-02-14,-0.8167261904761912
1977-02-21,-5.5684523809523805
1977-02-28,-0.6136904761904771
1977-03-07,-1.3160714285714286
1977-03-14,8.517321428571426
1977-03-21,2.588095238095237
1977-03-28,7.374999999999996
1977-04-04,4.36011904761905
1977-04-11,8.14464285714286
1977-04-18,16.842857142857138
1977-04-25,12.209467455621299
1977-05-02,12.88922155688622
1977-05-09,13.845833333333324
1977-05-16,19.240476190476198
1977-05-23,20.608333333333338
1977-05-30,21.95005952380952
1977-06-06,20.775
1977-06-13,18.441071428571416
1977-06-20,20.388809523809524
1977-06-27,21.987499999999997
1977-07-04,23.04345238095239
1977-07-11,24.235059523809507
1977-07-18,24.81666666666667
1977-07-25,24.46607142857144
1977-08-01,20.780952380952392
1977-08-08,21.27023809523808
1977-08-15,18.717261904761898
1977-08-22,16.798928571428576
1977-08-29,18.592202380952394
1977-09-05,19.77023809523811
1977-09-12,17.629761904761914
1977-09-19,15.534880952380949
1977-09-26,14.465476190476185
1977-10-03,11.444642857142865
1977-10-10,7.351785714285714
1977-10-17,5.571428571428573
1977-10-24,8.148214285714278
1977-10-31,8.836190476190481
1977-11-07,9.691071428571421
1977-11-14,3.471607142857143
1977-11-21,3.470238095238098
1977-11-28,-9.64583333333333
1977-12-05,-5.2714285714285705
1977-12-12,-15.302976190476189
1977-12-19,1.7833333333333325
1977-12-26,-9.708333333333337
1978-01-02,-11.844702380952375
1978-01-09,-11.380654761904763
1978-01-16,-17.83095238095237
1978-01-23,-16.38035714285715
1978-01-30,-16.85892857142857
1978-02-06,-16.436309523809506
1978-02-13,-13.122083333333329
1978-02-20,-14.070595238095237
1978-02-27,-10.003571428571423
1978-03-06,-11.561845238095236
1978-03-13,-4.867976190476203
1978-03-20,-2.095892857142858
1978-03-27,3.2672619047619054
1978-04-03,7.7451785714285775
1978-04-10,9.1311377245509
1978-04-17,7.591071428571429
1978-04-24,6.505952380952384
1978-05-01,11.232544378698218
1978-05-08,9.383928571428584
1978-05-15,14.297142857142855
1978-05-22,16.18446428571429
1978-05-29,22.08732142857143
1978-06-05,18.666666666666654
1978-06-12,21.266071428571422
1978-06-19,21.13982142857143
1978-06-26,22.261309523809526
1978-07-03,24.62976190476189
1978-07-10,22.28988095238096
1978-07-17,22.565416666666675
1978-07-24,23.15773809523808
1978-07-31,21.97083333333331
1978-08-07,19.742261904761897
1978-08-14,23.442261904761896
1978-08-21,22.138690476190483
1978-08-28,24.076250000000005
1978-09-04,21.653571428571436
1978-09-11,24.93434523809524
1978-09-18,20.485714285714298
1978-09-25,16.080838323353287
1978-10-02,14.450000000000008
1978-10-09,10.025000000000002
1978-10-16,9.62916666666666
1978-10-23,10.542857142857136
1978-10-30,8.525595238095237
1978-11-06,10.747023809523814
1978-11-13,6.967857142857141
1978-11-20,-2.7383333333333355
1978-11-27,-3.6940476190476224
1978-12-04,-8.037500000000001
1978-12-11,-11.251190476190478
1978-12-18,-1.0190476190476194
1978-12-25,-3.8259523809523808
1979-01-01,-9.76011904761906
1979-01-08,-19.59821428571427
1979-01-15,-17.73666666666666
1979-01-22,-10.743869047619055
1979-01-29,-11.45059523809523
1979-02-05,-19.043173652694616
1979-02-12,-14.611309523809531
1979-02-19,-12.288095238095247
1979-02-26,-4.685178571428573
1979-03-05,-1.7420238095238096
1979-03-12,-4.452202380952378
1979-03-19,1.5452380952380973
1979-03-26,1.1844642857142862
1979-04-02,2.7815476190476205
1979-04-09,0.9148214285714292
1979-04-16,6.545238095238096
1979-04-23,12.7
1979-04-30,9.254166666666668
1979-05-07,12.302976190476189
1979-05-14,15.781130952380956
1979-05-21,16.070833333333333
1979-05-28,14.563095238095238
1979-06-04,20.243452380952377
1979-06-11,20.213095238095217
1979-06-18,21.8797619047619
1979-06-25,19.86964285714285
1979-07-02,22.477380952380948
1979-07-09,20.65130952380952
1979-07-16,24.090595238095244
1979-07-23,22.310059523809517
1979-07-30,23.191250000000007
1979-08-06,23.88333333333334
1979-08-13,22.183333333333344
1979-08-20,20.592678571428575
1979-08-27,20.70827380952382
1979-09-03,23.32357142857142
1979-09-10,20.854761904761887
1979-09-17,17.370773809523804
1979-09-24,16.011309523809523
1979-10-01,18.276726190476175
1979-10-08,10.841071428571434
1979-10-15,7.952380952380956
1979-10-22,15.872678571428594
1979-10-29,6.512500000000004
1979-11-05,7.52202380952381
1979-11-12,-0.06190476190476132
1979-11-19,5.22440476190476
1979-11-26,3.1565476190476187
1979-12-03,-4.129166666666667
1979-12-10,1.0553571428571435
1979-12-17,-6.272023809523809
1979-12-24,0.41726190476190506
1979-12-31,-1.977380952380953
1980-01-07,-5.027976190476191
1980-01-14,-8.55416666666667
1980-01-21,-1.2833333333333328
1980-01-28,-9.23333333333334
1980-02-04,-14.369583333333331
1980-02-11,-10.604047619047618
1980-02-18,-9.597499999999998
1980-02-25,0.32559523809523955
1980-03-03,-9.76488095238095
1980-03-10,-5.0642857142857185
1980-03-17,-1.0071428571428565
1980-03-24,2.99511904761905
1980-03-31,3.495357142857143
1980-04-07,8.185238095238098
1980-04-14,3.2041666666666666
1980-04-21,13.829166666666662
1980-04-28,12.00828402366864
1980-05-05,15.733333333333343
1980-05-12,10.369642857142857
1980-05-19,11.703592814371252
1980-05-26,19.50125
1980-06-02,20.460714285714285
1980-06-09,20.489880952380936
1980-06-16,19.791071428571435
1980-06-23,19.782142857142848
1980-06-30,23.48702380952381
1980-07-07,23.738095238095227
1980-07-14,26.698809523809505
1980-07-21,25.987499999999994
1980-07-28,21.241666666666674
1980-08-04,24.285714285714292
1980-08-11,24.13154761904762
1980-08-18,19.926785714285714
1980-08-25,23.608928571428567
1980-09-01,22.313809523809528
1980-09-08,21.616666666666656
1980-09-15,18.278571428571432
1980-09-22,16.686904761904763
1980-09-29,13.025595238095233
1980-10-06,10.658928571428573
1980-10-13,10.901190476190475
1980-10-20,9.490952380952377
1980-10-27,5.098809523809523
1980-11-03,3.3797619047619065
1980-11-10,7.607857142857144
1980-11-17,2.279226190476188
1980-11-24,0.6535119047619042
1980-12-01,-0.5640718562874261
1980-12-08,-3.270357142857148
1980-12-15,-4.814880952380952
1980-12-22,-7.147619047619047
1980-12-29,-7.513095238095244
1981-01-05,-6.782619047619048
1981-01-12,-13.0827380952381
1981-01-19,-5.586826347305389
1981-01-26,0.6065476190476199
1981-02-02,-8.990476190476196
1981-02-09,-11.145238095238089
1981-02-16,-7.023214285714291
1981-02-23,5.292142857142856
1981-03-02,1.2267857142857135
1981-03-09,-1.0000000000000002
1981-03-16,3.0845238095238092
1981-03-23,1.6619047619047616
1981-03-30,9.507142857142854
1981-04-06,9.855357142857143
1981-04-13,13.607738095238108
1981-04-20,9.997619047619049
1981-04-27,11.649171597633138
1981-05-04,14.003571428571423
1981-05-11,10.317261904761903
1981-05-18,13.652380952380952
1981-05-25,17.114880952380958
1981-06-01,18.563223684210534
1981-06-08,21.05535714285715
1981-06-15,21.292857142857148
1981-06-22,18.732142857142854
1981-06-29,21.53571428571429
1981-07-06,22.309642857142858
1981-07-13,24.805357142857137
1981-07-20,23.766249999999996
1981-07-27,20.098214285714278
1981-08-03,21.145599999999998
1981-08-10,21.536309523809518
1981-08-17,20.309523809523807
1981-08-24,18.404761904761894
1981-08-31,20.54250000000003
1981-09-07,17.517738095238116
1981-09-14,19.38869047619047
1981-09-21,12.719047619047618
1981-09-28,12.995833333333332
1981-10-05,10.984523809523807
1981-10-12,9.21130952380952
1981-10-19,10.575654761904755
1981-10-26,2.577976190476192
1981-11-02,10.836904761904762
1981-11-09,7.857738095238096
1981-11-16,5.752559523809522
1981-11-23,0.0625000000000013
1981-11-30,-0.24880952380952337
1981-12-07,-2.282738095238094
1981-12-14,-3.448214285714286
1981-12-21,-15.925352112676054
1981-12-28,
1982-01-04,-11.950000000000003
1982-01-11,-19.811904761904746
1982-01-18,-19.354761904761904
1982-01-25,-12.754880952380947
1982-02-01,-12.650000000000004
1982-02-08,-16.852976190476195
1982-02-15,-10.755952380952385
1982-02-22,1.438690476190477
1982-03-01,-1.0690476190476192
1982-03-08,-7.9190476190476184
1982-03-15,-0.018934911242602562
1982-03-22,2.248214285714287
1982-03-29,1.6988095238095238
1982-04-05,5.508333333333329
1982-04-12,-1.9821428571428554
1982-04-19,10.186309523809516
1982-04-26,10.036686390532543
1982-05-03,12.76666666666666
1982-05-10,17.083333333333325
1982-05-17,21.248214285714287
1982-05-24,16.306547619047624
1982-05-31,18.31345029239766
1982-06-07,16.23333333333333
1982-06-14,17.8422619047619
1982-06-21,17.83869047619046
1982-06-28,20.46202380952382
1982-07-05,21.650588235294123
1982-07-12,22.098214285714285
1982-07-19,25.278571428571404
1982-07-26,24.829761904761913
1982-08-02,23.32083333333334
1982-08-09,24.504733727810656
1982-08-16,19.257023809523815
1982-08-23,22.28749999999999
1982-08-30,17.602976190476177
1982-09-06,19.174404761904764
1982-09-13,21.459583333333327
1982-09-20,13.290476190476186
1982-09-27,10.961904761904764
1982-10-04,18.155773809523815
1982-10-11,14.325325443786982
1982-10-18,9.880357142857147
1982-10-25,5.744047619047618
1982-11-01,10.438095238095238
1982-11-08,1.8547619047619053
1982-11-15,-0.4345238095238079
1982-11-22,4.473035714285716
1982-11-29,-1.6767857142857105
1982-12-06,5.422559523809522
1982-12-13,-8.645833333333334
1982-12-20,0.18749999999999986
1982-12-27,1.762440476190475
1983-01-03,-4.35952380952381
1983-01-10,-0.9928571428571424
1983-01-17,-5.524404761904762
1983-01-24,-3.815476190476195
1983-01-31,-6.054166666666666
1983-02-07,-10.11547619047619
1983-02-14,-1.4267857142857165
1983-02-21,2.614880952380955
1983-02-28,0.03869047619047506
1983-03-07,9.019642857142859
1983-03-14,-1.1267857142857156
1983-03-21,2.0714285714285716
1983-03-28,-1.4285714285714284
1983-04-04,3.3994047619047607
1983-04-11,3.2452380952380975
1983-04-18,2.555952380952384
1983-04-25,8.74260355029585
1983-05-02,13.40714285714286
1983-05-09,11.725595238095236
1983-05-16,14.118452380952387
1983-05-23,14.047023809523807
1983-05-30,14.548214285714291
1983-06-06,15.425595238095227
1983-06-13,22.114285714285717
1983-06-20,19.663095238095238
1983-06-27,26.115476190476187
1983-07-04,22.595808383233535
1983-07-11,22.876785714285695
1983-07-18,25.899404761904766
1983-07-25,26.73154761904764
1983-08-01,25.02261904761904
1983-08-08,25.18749999999999
1983-08-15,23.567857142857132
1983-08-22,27.929166666666667
1983-08-29,24.598214285714285
1983-09-05,24.255952380952376
1983-09-12,20.688095238095237
1983-09-19,14.849999999999993
1983-09-26,10.711309523809527
1983-10-03,20.0267857142857
1983-10-10,11.360119047619055
1983-10-17,7.483333333333339
1983-10-24,8.218452380952378
1983-10-31,8.462500000000004
1983-11-07,8.720238095238097
1983-11-14,3.8851190476190514
1983-11-21,3.602380952380951
1983-11-28,-1.073214285714285
1983-12-05,-6.55357142857143
1983-12-12,-8.255357142857145
1983-12-19,-14.524999999999999
1983-12-26,-22.8863095238095
1984-01-02,-11.57455621301776
1984-01-09,-2.345238095238094
1984-01-16,-10.968452380952376
1984-01-23,-15.993571428571418
1984-01-30,-4.449464285714288
1984-02-06,-8.302976190476194
1984-02-13,-2.7794117647058787
1984-02-20,3.1107142857142844
1984-02-27,2.2041666666666684
1984-03-05,-1.9440476190476188
1984-03-12,-11.489285714285717
1984-03-19,-2.18452380952381
1984-03-26,-0.03154761904761892
1984-04-02,2.8166666666666664
1984-04-09,5.5863095238095255
1984-04-16,9.053571428571432
1984-04-23,6.867857142857144
1984-04-30,11.57130952380953
1984-05-07,10.07261904761905
1984-05-14,14.64523809523809
1984-05-21,18.86011904761905
1984-05-28,14.607738095238092
1984-06-04,17.45595238095238
1984-06-11,22.33095238095239
1984-06-18,21.83392857142856
1984-06-25,21.867857142857158
1984-07-02,20.598809523809525
1984-07-09,20.25714285714285
1984-07-16,23.05178571428572
1984-07-23,22.963690476190475
1984-07-30,19.623214285714287
1984-08-06,24.32648809523811
1984-08-13,23.324642857142862
1984-08-20,22.346547619047605
1984-08-27,19.545238095238112
1984-09-03,21.764880952380956
1984-09-10,17.2404761904762
1984-09-17,15.438690476190484
1984-09-24,20.78988095238095
1984-10-01,7.279166666666667
1984-10-08,14.931547619047603
1984-10-15,16.373988095238104
1984-10-22,8.155357142857149
1984-10-29,7.283333333333329
1984-11-05,3.552976190476187
1984-11-12,4.372619047619047
1984-11-19,2.038095238095237
1984-11-26,1.5165680473372796
1984-12-03,-1.5255952380952382
1984-12-10,-5.607142857142862
1984-12-17,-0.4715976331360946
1984-12-24,-6.30714285714286
1984-12-31,-3.6053254437869855
1985-01-07,-8.607738095238089
1985-01-14,-9.026190476190475
1985-01-21,-14.363313609467461
1985-01-28,-8.99285714285714
1985-02-04,-17.03928571428573
1985-02-11,-12.538749999999983
1985-02-18,-8.083333333333345
1985-02-25,0.692261904761905
1985-03-04,1.0994082840236674
1985-03-11,2.60473372781065
1985-03-18,3.2488095238095207
1985-03-25,4.935119047619043
1985-04-01,5.215357142857143
1985-04-08,4.0065476190476215
1985-04-15,10.617857142857142
1985-04-22,20.78452380952382
1985-04-29,13.561538461538467
1985-05-06,16.451190476190465
1985-05-13,18.155952380952357
1985-05-20,15.855952380952374
1985-05-27,18.78095238095239
1985-06-03,17.96369047619047
1985-06-10,20.238095238095227
1985-06-17,17.072023809523817
1985-06-24,20.451190476190472
1985-07-01,21.83431952662722
1985-07-08,24.002976190476186
1985-07-15,24.16964285714285
1985-07-22,22.90297619047618
1985-07-29,23.01428571428573
1985-08-05,20.145238095238106
1985-08-12,22.03550295857989
1985-08-19,19.484523809523804
1985-08-26,17.342857142857135
1985-09-02,20.571607142857133
1985-09-09,24.992857142857154
1985-09-16,15.162500000000001
1985-09-23,18.867455621301787
1985-09-30,8.433333333333326
1985-10-07,9.038095238095243
1985-10-14,9.840476190476187
1985-10-21,11.045833333333322
1985-10-28,12.293491124260347
1985-11-04,5.815976331360945
1985-11-11,0.8315476190476203
1985-11-18,3.0321428571428575
1985-11-25,-7.23928571428571
1985-12-02,-9.726470588235296
1985-12-09,-10.264880952380949
1985-12-16,-13.470833333333339
1985-12-23,-15.453571428571442
1985-12-30,-12.322619047619044
1986-01-06,-8.924761904761898
1986-01-13,-8.335119047619045
1986-01-20,-0.8517857142857151
1986-01-27,-7.087499999999998
1986-02-03,-6.139285714285721
1986-02-10,-7.34319526627219
1986-02-17,-14.483333333333338
1986-02-24,-5.95147928994083
1986-03-03,-3.0635714285714215
1986-03-10,-1.7809523809523788
1986-03-17,1.9607142857142839
1986-03-24,2.472619047619048
1986-03-31,13.646428571428569
1986-04-07,11.058579881656804
1986-04-14,9.243452380952379
1986-04-21,8.274999999999999
1986-04-28,15.877514792899417
1986-05-05,14.17738095238095
1986-05-12,17.626190476190466
1986-05-19,14.746666666666659
1986-05-26,14.093452380952385
1986-06-02,18.91511904761905
1986-06-09,19.907976190476187
1986-06-16,20.1220238095238
1986-06-23,23.513690476190458
1986-06-30,22.324761904761903
1986-07-07,22.455357142857153
1986-07-14,22.525000000000006
1986-07-21,26.332142857142873
1986-07-28,24.586904761904776
1986-08-04,21.586309523809526
1986-08-11,19.573214285714293
1986-08-18,21.307142857142853
1986-08-25,19.66428571428571
1986-09-01,17.183928571428567
1986-09-08,15.752976190476193
1986-09-15,16.881547619047613
1986-09-22,17.907100591715995
1986-09-29,20.808333333333344
1986-10-06,12.245614035087717
1986-10-13,9.981656804733731
1986-10-20,7.948809523809519
1986-10-27,11.821428571428578
1986-11-03,6.776785714285721
1986-11-10,3.4142857142857177
1986-11-17,-6.6648809523809565
1986-11-24,-2.4556213017751487
1986-12-01,-0.18749999999999967
1986-12-08,-1.9916666666666627
1986-12-15,-10.019047619047623
1986-12-22,-3.245833333333331
1986-12-29,-2.3190476190476197
1987-01-05,-2.3440476190476187
1987-01-12,-1.9940476190476197
1987-01-19,-6.539880952380951
1987-01-26,-11.522023809523809
1987-02-02,-1.1125000000000012
1987-02-09,-0.9839285714285725
1987-02-16,-0.7184523809523812
1987-02-23,-0.9654761904761913
1987-03-02,1.107380952380952
1987-03-09,5.511309523809525
1987-03-16,0.7732142857142847
1987-03-23,6.729166666666667
1987-03-30,4.344047619047617
1987-04-06,2.3621301775147927
1987-04-13,11.020238095238096
1987-04-20,15.39404761904761
1987-04-27,12.65654761904762
1987-05-04,14.598214285714281
1987-05-11,18.685714285714283
1987-05-18,20.338095238095235
1987-05-25,15.853846153846137
1987-06-01,21.853571428571424
1987-06-08,22.51607142857142
1987-06-15,23.74273809523808
1987-06-22,24.167142857142842
1987-06-29,21.808392857142856
1987-07-06,22.369047619047624
1987-07-13,23.69047619047619
1987-07-20,23.55892857142858
1987-07-27,27.404166666666686
1987-08-03,28.387499999999992
1987-08-10,22.10357142857143
1987-08-17,23.91785714285714
1987-08-24,18.995238095238093
1987-08-31,16.438690476190466
1987-09-07,18.97500000000001
1987-09-14,16.053571428571427
1987-09-21,15.69642857142856
1987-09-28,16.422023809523807
1987-10-05,12.19821428571428
1987-10-12,5.737500000000003
1987-10-19,10.554166666666672
1987-10-26,3.6779761904761896
1987-11-02,8.796428571428573
1987-11-09,7.925595238095238
1987-11-16,5.448214285714288
1987-11-23,1.689285714285714
1987-11-30,1.8833333333333349
1987-12-07,-1.582738095238091
1987-12-14,2.0369047619047627
1987-12-21,-4.331547619047616
1987-12-28,-3.3291666666666693
1988-01-04,-10.539285714285713
1988-01-11,-19.325595238095243
1988-01-18,-5.178690476190475
1988-01-25,-7.302380952380952
1988-02-01,-7.750000000000007
1988-02-08,-14.569642857142851
1988-02-15,-13.846428571428568
1988-02-22,-3.3934523809523833
1988-02-29,-1.4392857142857156
1988-03-07,0.20595238095238091
1988-03-14,0.711309523809524
1988-03-21,-0.8773809523809529
1988-03-28,7.019642857142857
1988-04-04,7.302366863905329
1988-04-11,11.131547619047618
1988-04-18,8.047619047619044
1988-04-25,6.534523809523808
1988-05-02,11.69702380952381
1988-05-09,17.14761904761904
1988-05-16,17.317261904761903
1988-05-23,19.101190476190485
1988-05-30,21.34761904761904
1988-06-06,22.823809523809523
1988-06-13,22.344047619047632
1988-06-20,24.632142857142878
1988-06-27,26.466071428571418
1988-07-04,20.811309523809523
1988-07-11,25.87738095238095
1988-07-18,26.648809523809526
1988-07-25,22.04523809523809
1988-08-01,27.18095238095238
1988-08-08,27.65238095238095
1988-08-15,27.588095238095246
1988-08-22,26.465476190476185
1988-08-29,18.308875739644957
1988-09-05,19.63571428571428
1988-09-12,18.789285714285715
1988-09-19,20.332738095238092
1988-09-26,15.374999999999996
1988-10-03,15.673809523809506
1988-10-10,7.413690476190477
1988-10-17,10.775595238095246
1988-10-24,5.685714285714291
1988-10-31,1.6898809523809515
1988-11-07,4.176785714285717
1988-11-14,3.271428571428573
1988-11-21,2.056547619047617
1988-11-28,1.5499999999999998
1988-12-05,-2.2005952380952403
1988-12-12,-7.03333333333333
1988-12-19,-3.9750000000000005
1988-12-26,-1.654464285714285
1989-01-02,-8.202976190476196
1989-01-09,-6.173809523809524
1989-01-16,-4.106547619047618
1989-01-23,0.6029761904761904
1989-01-30,0.3761904761904761
1989-02-06,-12.905357142857142
1989-02-13,-8.51666666666666
1989-02-20,-8.917857142857141
1989-02-27,-8.833928571428576
1989-03-06,-8.71845238095238
1989-03-13,-0.16726190476190542
1989-03-20,-3.1601190476190455
1989-03-27,6.792261904761905
1989-04-03,6.9082840236686405
1989-04-10,2.2190476190476187
1989-04-17,7.516071428571425
1989-04-24,11.675595238095237
1989-05-01,12.35238095238096
1989-05-08,8.363690476190477
1989-05-15,14.248809523809525
1989-05-22,19.394642857142845
1989-05-29,17.478571428571424
1989-06-05,20.550595238095237
1989-06-12,18.992261904761893
1989-06-19,18.396428571428565
1989-06-26,23.514285714285727
1989-07-03,23.861904761904764
1989-07-10,28.311904761904742
1989-07-17,23.660355029585812
1989-07-24,21.352976190476205
1989-07-31,24.46428571428572
1989-08-07,23.213095238095242
1989-08-14,21.1029761904762
1989-08-21,20.411309523809535
1989-08-28,22.763690476190476
1989-09-04,20.405952380952375
1989-09-11,18.71242603550297
1989-09-18,13.758928571428564
1989-09-25,14.577380952380944
1989-10-02,13.691071428571425
1989-10-09,7.333333333333332
1989-10-16,14.877380952380955
1989-10-23,6.066666666666669
1989-10-30,15.18809523809524
1989-11-06,3.6083333333333343
1989-11-13,4.925595238095238
1989-11-20,-1.5535714285714286
1989-11-27,-1.7214285714285718
1989-12-04,-5.044642857142853
1989-12-11,-4.490476190476192
1989-12-18,-17.063095238095237
1989-12-25,-18.05059523809524
1990-01-01,-3.8333333333333326
1990-01-08,-1.3333333333333317
1990-01-15,-1.9238095238095234
1990-01-22,-0.9238095238095246
1990-01-29,-1.795238095238097
1990-02-05,-2.9732142857142807
1990-02-12,0.7297619047619047
1990-02-19,-5.428571428571431
1990-02-26,-4.312500000000005
1990-03-05,0.13511904761904753
1990-03-12,6.116071428571427
1990-03-19,5.9244047619047535
1990-03-26,1.1857142857142866
1990-04-02,4.682840236686395
1990-04-09,4.736904761904762
1990-04-16,4.477380952380953
1990-04-23,11.189285714285711
1990-04-30,15.739285714285716
1990-05-07,12.00476190476191
1990-05-14,12.826190476190472
1990-05-21,13.07380952380952
1990-05-28,15.254761904761907
1990-06-04,16.530952380952378
1990-06-11,18.7577380952381
1990-06-18,23.276785714285705
1990-06-25,20.652380952380962
1990-07-02,24.869047619047635
1990-07-09,25.161904761904765
1990-07-16,19.30952380952381
1990-07-23,21.780357142857145
1990-07-30,22.39523809523808
1990-08-06,20.167261904761904
1990-08-13,19.98214285714286
1990-08-20,23.378095238095227
1990-08-27,23.273095238095237
1990-09-03,22.82130952380954
1990-09-10,24.400000000000006
1990-09-17,18.521488095238084
1990-09-24,13.051190476190484
1990-10-01,15.231547619047628
1990-10-08,14.880952380952372
1990-10-15,7.803571428571424
1990-10-22,7.913095238095239
1990-10-29,7.101785714285716
1990-11-05,9.851190476190473
1990-11-12,0.4482142857142857
1990-11-19,6.720238095238094
1990-11-26,6.7488095238095225
1990-12-03,-0.047619047619048116
1990-12-10,-2.9047619047619078
1990-12-17,-1.1071428571428572
1990-12-24,-13.545833333333333
1990-12-31,-14.26964285714284
1991-01-07,-14.901785714285708
1991-01-14,-7.064880952380956
1991-01-21,-6.397619047619046
1991-01-28,-12.904166666666661
1991-02-04,-7.472619047619053
1991-02-11,-2.158333333333334
1991-02-18,-6.239880952380965
1991-02-25,-2.2374999999999994
1991-03-04,-2.4791666666666674
1991-03-11,0.7625
1991-03-18,1.2219047619047614
1991-03-25,6.746428571428579
1991-04-01,5.572023809523808
1991-04-08,15.705917159763311
1991-04-15,5.422023809523813
1991-04-22,8.392261904761902
1991-04-29,12.477380952380955
1991-05-06,8.821428571428578
1991-05-13,17.264880952380953
1991-05-20,16.887500000000017
1991-05-27,21.884940476190476
1991-06-03,23.1357142857143
1991-06-10,20.809999999999995
1991-06-17,23.136309523809526
1991-06-24,22.407142857142837
1991-07-01,27.926964285714288
1991-07-08,23.92321428571428
1991-07-15,22.082738095238103
1991-07-22,27.873154761904754
1991-07-29,19.424404761904746
1991-08-05,21.95535714285714
1991-08-12,20.30892857142858
1991-08-19,20.88273809523809
1991-08-26,22.424464285714286
1991-09-02,23.62261904761906
1991-09-09,20.988095238095244
1991-09-16,21.495238095238108
1991-09-23,10.276785714285714
1991-09-30,11.06071428571429
1991-10-07,9.20357142857143
1991-10-14,10.931547619047624
1991-10-21,7.86428571428572
1991-10-28,12.41011904761904
1991-11-04,-2.2053571428571437
1991-11-11,-5.584523809523805
1991-11-18,5.129761904761904
1991-11-25,-1.1252941176470623
1991-12-02,-4.786904761904763
1991-12-09,-5.765476190476191
1991-12-16,-1.5196428571428566
1991-12-23,-3.097023809523807
1991-12-30,-0.802380952380951
1992-01-06,0.09880952380952375
1992-01-13,-0.18928571428571414
1992-01-20,-10.255357142857143
1992-01-27,-3.9833333333333316
1992-02-03,-1.0125000000000006
1992-02-10,-3.0910714285714285
1992-02-17,-1.175595238095239
1992-02-24,0.640892857142857
1992-03-02,2.9458333333333333
1992-03-09,8.024404761904762
1992-03-16,-3.7773809523809545
1992-03-23,1.7238095238095232
1992-03-30,4.6404761904761855
1992-04-06,5.140236686390532
1992-04-13,6.398214285714284
1992-04-20,11.103452380952383
1992-04-27,5.069642857142855
1992-05-04,16.625000000000004
1992-05-11,15.941666666666663
1992-05-18,17.216071428571425
1992-05-25,17.041726190476183
1992-06-01,14.704761904761913
1992-06-08,20.258928571428555
1992-06-15,23.385119047619042
1992-06-22,19.062500000000004
1992-06-29,19.18869047619047
1992-07-06,20.849285714285713
1992-07-13,22.14821428571428
1992-07-20,19.883214285714274
1992-07-27,18.604107142857135
1992-08-03,18.87797619047621
1992-08-10,21.1707142857143
1992-08-17,15.847337278106508
1992-08-24,19.75767857142857
1992-08-31,17.16011904761904
1992-09-07,18.857142857142872
1992-09-14,16.336309523809526
1992-09-21,17.654166666666676
1992-09-28,13.005952380952381
1992-10-05,15.542857142857153
1992-10-12,12.264285714285714
1992-10-19,5.408928571428575
1992-10-26,12.823154761904753
1992-11-02,5.605952380952387
1992-11-09,1.3672619047619048
1992-11-16,2.4345238095238093
1992-11-23,3.379166666666671
1992-11-30,-3.677976190476195
1992-12-07,-5.262499999999998
1992-12-14,-1.5297619047619027
1992-12-21,-2.548214285714285
1992-12-28,-7.169047619047622
1993-01-04,-6.86607142857143
1993-01-11,-9.780952380952385
1993-01-18,-7.8928571428571415
1993-01-25,-5.166071428571429
1993-02-01,-4.345238095238092
1993-02-08,-1.5744047619047636
1993-02-15,-4.05
1993-02-22,-9.689880952380951
1993-03-01,-11.439761904761903
1993-03-08,1.1612499999999992
1993-03-15,-6.951190476190479
1993-03-22,-1.8851190476190463
1993-03-29,2.866607142857143
1993-04-05,3.0952662721893485
1993-04-12,7.099404761904762
1993-04-19,6.85
1993-04-26,10.2
1993-05-03,14.002380952380955
1993-05-10,19.23035714285714
1993-05-17,16.960119047619038
1993-05-24,13.203571428571438
1993-05-31,15.873809523809532
1993-06-07,14.494047619047617
1993-06-14,22.535119047619048
1993-06-21,20.83035714285714
1993-06-28,23.408333333333324
1993-07-05,23.111309523809513
1993-07-12,22.048214285714295
1993-07-19,22.714642857142863
1993-07-26,22.12559523809523
1993-08-02,22.507738095238096
1993-08-09,19.345238095238095
1993-08-16,24.003571428571412
1993-08-23,22.85119047619047
1993-08-30,23.689285714285717
1993-09-06,17.35892857142856
1993-09-13,17.627976190476197
1993-09-20,12.891071428571442
1993-09-27,13.061904761904762
1993-10-04,11.668452380952381
1993-10-11,12.717261904761905
1993-10-18,11.11666666666667
1993-10-25,10.632142857142858
1993-11-01,2.8220238095238104
1993-11-08,3.1648809523809547
1993-11-15,3.423809523809525
1993-11-22,2.6291666666666673
1993-11-29,-2.2452380952380953
1993-12-06,-0.8785714285714283
1993-12-13,-0.07261904761904812
1993-12-20,1.592857142857144
1993-12-27,-11.148809523809534
1994-01-03,-7.923809523809524
1994-01-10,-12.8577380952381
1994-01-17,-17.12916666666668
1994-01-24,-17.19583333333332
1994-01-31,-9.040476190476186
1994-02-07,-13.470238095238093
1994-02-14,-12.924404761904766
1994-02-21,0.8771428571428572
1994-02-28,-9.747023809523808
1994-03-07,0.035119047619047286
1994-03-14,0.005357142857141538
1994-03-21,4.554166666666667
1994-03-28,5.457142857142861
1994-04-04,4.613017751479292
1994-04-11,4.982142857142856
1994-04-18,11.768452380952382
1994-04-25,14.583333333333334
1994-05-02,8.554761904761907
1994-05-09,11.676785714285716
1994-05-16,17.589880952380945
1994-05-23,20.22678571428573
1994-05-30,18.53333333333333
1994-06-06,19.973809523809514
1994-06-13,20.514285714285705
1994-06-20,26.52380952380952
1994-06-27,21.629761904761885
1994-07-04,21.498214285714283
1994-07-11,22.552976190476194
1994-07-18,21.488690476190488
1994-07-25,21.908928571428568
1994-08-01,20.00654761904762
1994-08-08,20.361309523809513
1994-08-15,18.012499999999992
1994-08-22,20.414880952380955
1994-08-29,21.75833333333334
1994-09-05,16.38392857142858
1994-09-12,20.697023809523817
1994-09-19,22.257738095238086
1994-09-26,15.739285714285705
1994-10-03,14.2922619047619
1994-10-10,13.55
1994-10-17,12.887559523809525
1994-10-24,12.564880952380959
1994-10-31,8.972619047619043
1994-11-07,7.9291666666666725
1994-11-14,7.619642857142857
1994-11-21,3.2601190476190474
1994-11-28,0.8422619047619053
1994-12-05,2.4303571428571424
1994-12-12,-8.416666666666666
1994-12-19,-5.246428571428568
1994-12-26,-1.3613095238095232
1995-01-02,-4.027976190476191
1995-01-09,-13.07678571428572
1995-01-16,-3.0392857142857173
1995-01-23,-5.999404761904765
1995-01-30,-7.285714285714291
1995-02-06,-5.372023809523809
1995-02-13,-10.461309523809527
1995-02-20,-2.682738095238095
1995-02-27,0.18392857142857166
1995-03-06,-4.878571428571429
1995-03-13,0.17321428571428235
1995-03-20,9.578571428571436
1995-03-27,5.857738095238095
1995-04-03,4.453846153846153
1995-04-10,3.6255952380952423
1995-04-17,7.298809523809526
1995-04-24,8.037500000000003
1995-05-01,9.18392857142857
1995-05-08,13.14464285714286
1995-05-15,14.294642857142852
1995-05-22,16.382142857142874
1995-05-29,14.840476190476187
1995-06-05,19.367857142857122
1995-06-12,18.285119047619045
1995-06-19,24.6267857142857
1995-06-26,25.363095238095237
1995-07-03,19.405357142857124
1995-07-10,21.181547619047613
1995-07-17,27.327976190476175
1995-07-24,22.80476190476192
1995-07-31,25.281547619047643
1995-08-07,23.09702380952381
1995-08-14,27.285119047619055
1995-08-21,24.134523809523813
1995-08-28,25.352380952380948
1995-09-04,22.216071428571425
1995-09-11,16.57321428571429
1995-09-18,17.670833333333327
1995-09-25,8.70833333333334
1995-10-02,16.952976190476196
1995-10-09,11.314880952380955
1995-10-16,12.944642857142856
1995-10-23,9.616071428571432
1995-10-30,6.476785714285709
1995-11-06,0.7726190476190475
1995-11-13,-1.4464285714285712
1995-11-20,0.860119047619048
1995-11-27,-1.5244047619047614
1995-12-04,-2.97142857142857
1995-12-11,-8.921428571428573
1995-12-18,-4.192857142857141
1995-12-25,-4.602976190476188
1996-01-01,-3.1299401197604806
1996-01-08,-11.385714285714293
1996-01-15,-1.8279761904761893
1996-01-22,-7.597023809523804
1996-01-29,-12.697604790419161
1996-02-05,-24.002453987730068
1996-02-12,-1.0625000000000004
1996-02-19,-4.819642857142856
1996-02-26,2.9916666666666694
1996-03-04,-7.168055555555554
1996-03-11,-6.562499999999995
1996-03-18,4.472023809523806
1996-03-25,0.5023809523809523
1996-04-01,0.2245508982035935
1996-04-08,3.5837209302325586
1996-04-15,6.6497175141242915
1996-04-22,10.034883720930234
1996-04-29,9.12235294117647
1996-05-06,8.948255813953487
1996-05-13,11.123863636363634
1996-05-20,18.290607734806628
1996-05-27,14.112426035502956
1996-06-03,14.902285714285734
1996-06-10,16.91533742331289
1996-06-17,23.720571428571414
1996-06-24,21.89220779220779
1996-07-01,26.25126582278481
1996-07-08,23.613414634146338
1996-07-15,20.869565217391298
1996-07-22,23.619999999999997
1996-07-29,20.311249999999998
1996-08-05,21.080357142857146
1996-08-12,22.60848484848485
1996-08-19,21.005389221556886
1996-08-26,22.057926829268283
1996-09-02,20.223214285714285
1996-09-09,21.945180722891557
1996-09-16,14.232121212121212
1996-09-23,15.188888888888897
1996-09-30,13.498690476190475
1996-10-07,12.907926829268288
1996-10-14,10.92095808383234
1996-10-21,12.279041916167667
1996-10-28,8.506707317073175
1996-11-04,1.952727272727274
1996-11-11,1.4204819277108431
1996-11-18,-2.7306493506493537
1996-11-25,-4.052891566265058
1996-12-02,-5.2190476190476085
1996-12-09,-5.173780487804883
1996-12-16,-0.744642857142857
1996-12-23,-9.379041916167658
1996-12-30,-13.43690476190475
1997-01-06,-1.9205882352941177
1997-01-13,-13.74431137724551
1997-01-20,-12.467857142857142
1997-01-27,-9.50359281437126
1997-02-03,-7.293975903614453
1997-02-10,-4.716167664670656
1997-02-17,-9.641071428571426
1997-02-24,-0.9857142857142862
1997-03-03,-0.6333333333333332
1997-03-10,-0.6761904761904768
1997-03-17,-1.5556886227544915
1997-03-24,3.2054491017964084
1997-03-31,6.565476190476191
1997-04-07,8.359259259259254
1997-04-14,-0.23119760479041906
1997-04-21,7.564285714285712
1997-04-28,10.297530864197528
1997-05-05,11.802909090909086
1997-05-12,12.258333333333331
1997-05-19,11.931901840490791
1997-05-26,14.048170731707327
1997-06-02,15.149696969696969
1997-06-09,18.437499999999996
1997-06-16,21.827710843373502
1997-06-23,23.190361445783125
1997-06-30,23.70299401197605
1997-07-07,19.155357142857138
1997-07-14,22.825786163521997
1997-07-21,24.765306122448962
1997-07-28,24.71071428571429
1997-08-04,21.675000000000004
1997-08-11,19.351807228915664
1997-08-18,19.632121212121216
1997-08-25,18.639285714285712
1997-09-01,22.23475609756097
1997-09-08,17.734415584415597
1997-09-15,16.8059880239521
1997-09-22,17.194578313253007
1997-09-29,16.42380952380953
1997-10-06,19.67869822485207
1997-10-13,17.44819277108435
1997-10-20,7.239285714285716
1997-10-27,3.6721212121212163
1997-11-03,4.499999999999999
1997-11-10,2.677108433734938
1997-11-17,-3.6437499999999985
1997-11-24,-3.646951219512194
1997-12-01,2.692261904761903
1997-12-08,-2.4520958083832327
1997-12-15,-2.544910179640718
1997-12-22,-0.9756547619047611
1997-12-29,-3.1036363636363653
1998-01-05,-0.897863247863247
1998-01-12,-5.316595744680849
1998-01-19,-10.819831223628688
1998-01-26,-4.065808823529412
1998-02-02,-0.794402985074626
1998-02-09,-3.5288065843621426
1998-02-16,1.1425339366515834
1998-02-23,3.5647540983606585
1998-03-02,1.8749999999999971
1998-03-09,-1.4741641337386018
1998-03-16,-7.113917525773196
1998-03-23,1.1248868778280534
1998-03-30,11.030530973451329
1998-04-06,6.6752100840336155
1998-04-13,10.794470046082951
1998-04-20,8.638695652173913
1998-04-27,12.45046728971963
1998-05-04,12.593150684931507
1998-05-11,16.152422907488994
1998-05-18,21.648618784530385
1998-05-25,17.214215686274514
1998-06-01,19.904999999999998
1998-06-08,13.81263157894737
1998-06-15,17.846718146718143
1998-06-22,21.14926829268293
1998-06-29,25.222613065326637
1998-07-06,22.021844660194162
1998-07-13,24.118134715025917
1998-07-20,24.89329268292683
1998-07-27,21.851149425287357
1998-08-03,21.121910112359544
1998-08-10,21.383495145631066
1998-08-17,21.186729857819913
1998-08-24,23.063636363636366
1998-08-31,21.05918367346938
1998-09-07,20.250810810810822
1998-09-14,19.77577319587629
1998-09-21,19.8723076923077
1998-09-28,18.211627906976748
1998-10-05,12.554430379746828
1998-10-12,10.031683168316832
1998-10-19,12.172499999999996
1998-10-26,9.982758620689657
1998-11-02,11.761382113821147
1998-11-09,0.7414529914529915
1998-11-16,2.660693641618495
1998-11-23,3.940331491712705
1998-11-30,9.654455445544553
1998-12-07,8.943495934959353
1998-12-14,1.0638554216867468
1998-12-21,-2.8845794392523367
1998-12-28,-8.173513513513512
1999-01-04,-13.449753694581286
1999-01-11,-17.438509316770176
1999-01-18,-6.752121212121218
1999-01-25,-3.702515337423312
1999-02-01,-2.4786163522012585
1999-02-08,0.9271604938271606
1999-02-15,1.8957575757575764
1999-02-22,-2.3815950920245412
1999-03-01,0.29000000000000065
1999-03-08,-2.3937500000000007
1999-03-15,-1.292814371257484
1999-03-22,4.405389221556884
1999-03-29,4.760119047619048
1999-04-05,13.000000000000005
1999-04-12,9.01757575757575
1999-04-19,7.989634146341463
1999-04-26,9.59565217391304
1999-05-03,14.033132530120485
1999-05-10,14.103592814371265
1999-05-17,15.932142857142848
1999-05-24,17.05928143712575
1999-05-31,20.007975460122704
1999-06-07,20.400000000000013
1999-06-14,22.02095808383233
1999-06-21,17.6079754601227
1999-06-28,23.895031055900628
1999-07-05,22.82621951219511
1999-07-12,22.288461538461533
1999-07-19,24.768484848484857
1999-07-26,27.053125
1999-08-02,25.10576923076926
1999-08-09,20.78493975903615
1999-08-16,20.822560975609754
1999-08-23,19.896428571428594
1999-08-30,21.122929936305752
1999-09-06,21.770303030303033
1999-09-13,17.165625
1999-09-20,13.05357142857143
1999-09-27,15.20566037735848
1999-10-04,8.743558282208593
1999-10-11,13.501315789473688
1999-10-18,11.072392638036805
1999-10-25,7.664814814814814
1999-11-01,12.913194444444446
1999-11-08,6.405487804878049
1999-11-15,9.382822085889572
1999-11-22,6.004761904761904
1999-11-29,2.725149700598802
1999-12-06,3.0139072847682113
1999-12-13,-0.40487804878048794
1999-12-20,-5.747590361445785
1999-12-27,-10.981818181818193
2000-01-03,0.7119565217391306
2000-01-10,-2.1112612612612667
2000-01-17,-4.133918128654969
2000-01-24,-10.26103896103896
2000-01-31,-8.815075376884423
2000-02-07,-5.7385245901639355
2000-02-14,-4.0098360655737695
2000-02-21,-2.7936893203883484
2000-02-28,7.873248407643307
2000-03-06,7.164534883720933
2000-03-13,5.050970873786406
2000-03-20,1.5449814126394081
2000-03-27,8.714912280701753
2000-04-03,7.122941176470586
2000-04-10,5.632460732984293
2000-04-17,7.87216494845361
2000-04-24,10.890825688073393
2000-05-01,15.029518072289163
2000-05-08,21.42960893854748
2000-05-15,15.06487804878049
2000-05-22,15.763513513513505
2000-05-29,15.794444444444462
2000-06-05,18.54549763033175
2000-06-12,22.259473684210537
2000-06-19,18.189999999999998
2000-06-26,21.23417721518987
2000-07-03,20.722966507177023
2000-07-10,23.670411985018728
2000-07-17,23.261458333333337
2000-07-24,18.38034682080924
2000-07-31,21.606666666666655
2000-08-07,21.371090047393356
2000-08-14,22.86682692307692
2000-08-21,19.791326530612224
2000-08-28,20.733691756272414
2000-09-04,23.10225225225223
2000-09-11,21.657396449704137
2000-09-18,18.25988700564972
2000-09-25,12.693689320388351
2000-10-02,16.415819209039544
2000-10-09,5.948888888888886
2000-10-16,12.258241758241763
2000-10-23,14.702139037433147
2000-10-30,14.370815450643766
2000-11-06,11.982208588957063
2000-11-13,0.4497674418604664
2000-11-20,-3.3518367346938778
2000-11-27,-4.703755868544602
2000-12-04,-2.0832558139534876
2000-12-11,-8.903375527426158
2000-12-18,-13.153250773993813
2000-12-25,-18.00072727272727
2001-01-01,-11.879591836734702
2001-01-08,-5.913095238095242
2001-01-15,-2.3535714285714215
2001-01-22,-10.964880952380955
2001-01-29,-7.761309523809525
2001-02-05,-7.559523809523809
2001-02-12,-7.136309523809522
2001-02-19,-7.532738095238092
2001-02-26,-7.1297619047619
2001-03-05,-7.155952380952378
2001-03-12,-3.307142857142851
2001-03-19,-0.06369047619047553
2001-03-26,-1.8678571428571433
2001-04-02,2.2452380952380957
2001-04-09,9.899999999999997
2001-04-16,9.386904761904763
2001-04-23,12.174404761904768
2001-04-30,16.39285714285715
2001-05-07,15.814285714285718
2001-05-14,16.795238095238098
2001-05-21,21.180952380952373
2001-05-28,10.957142857142856
2001-06-04,13.172023809523804
2001-06-11,19.554761904761907
2001-06-18,22.591975308641974
2001-06-25,19.800595238095237
2001-07-02,22.989285714285714
2001-07-09,23.509638554216867
2001-07-16,22.668292682926825
2001-07-23,25.501492537313425
2001-07-30,22.708928571428572
2001-08-06,27.366206896551724
2001-08-13,23.304166666666678
2001-08-20,18.33214285714285
2001-08-27,22.514285714285705
2001-09-03,20.782738095238106
2001-09-10,18.780239520958077
2001-09-17,15.703571428571436
2001-09-24,14.657738095238098
2001-10-01,11.97724550898204
2001-10-08,11.317261904761896
2001-10-15,11.739880952380952
2001-10-22,8.089743589743591
2001-10-29,7.162048192771082
2001-11-05,10.493975903614452
2001-11-12,9.467664670658683
2001-11-19,12.258682634730537
2001-11-26,6.961309523809528
2001-12-03,2.5630303030303034
2001-12-10,5.382142857142855
2001-12-17,2.340476190476192
2001-12-24,-2.094578313253012
2001-12-31,-9.729761904761906
2002-01-07,-6.341071428571429
2002-01-14,2.3228915662650595
2002-01-21,-4.288023952095808
2002-01-28,3.5952380952380945
2002-02-04,-5.653614457831325
2002-02-11,-2.3124999999999996
2002-02-18,2.3419161676646714
2002-02-25,3.035329341317365
2002-03-04,-9.35575757575758
2002-03-11,-2.0186746987951807
2002-03-18,2.2754491017964065
2002-03-25,-0.6602409638554217
2002-04-01,3.934523809523811
2002-04-08,2.4958333333333336
2002-04-15,13.512499999999998
2002-04-22,13.98928571428572
2002-04-29,8.40658682634731
2002-05-06,12.753571428571425
2002-05-13,12.707784431137723
2002-05-20,12.140476190476196
2002-05-27,15.61488095238095
2002-06-03,20.820958083832327
2002-06-10,20.805389221556894
2002-06-17,20.58214285714286
2002-06-24,25.380722891566254
2002-07-01,26.399401197604806
2002-07-08,25.93636363636363
2002-07-15,21.674251497005987
2002-07-22,26.152702702702697
2002-07-29,23.601197604790418
2002-08-05,24.314880952380957
2002-08-12,21.778787878787877
2002-08-19,19.416071428571428
2002-08-26,22.116981132075477
2002-09-02,22.091463414634152
2002-09-09,22.802500000000002
2002-09-16,17.512195121951226
2002-09-23,16.45060240963854
2002-09-30,16.02023809523808
2002-10-07,13.78493975903615
2002-10-14,12.441566265060242
2002-10-21,5.625000000000002
2002-10-28,3.407831325301207
2002-11-04,1.852409638554216
2002-11-11,6.526347305389224
2002-11-18,1.019047619047618
2002-11-25,1.5607142857142853
2002-12-02,-2.080357142857142
2002-12-09,-5.605357142857142
2002-12-16,1.0273809523809514
2002-12-23,0.8377245508982049
2002-12-30,-1.935714285714288
2003-01-06,-2.584431137724549
2003-01-13,-3.1180722891566246
2003-01-20,-9.419047619047618
2003-01-27,-12.143030303030303
2003-02-03,-0.9202380952380913
2003-02-10,-11.410843373493975
2003-02-17,-8.774404761904764
2003-02-24,-2.231481481481482
2003-03-03,-8.216265060240962
2003-03-10,-10.019047619047619
2003-03-17,4.728082191780821
2003-03-24,7.798692810457513
2003-03-31,5.297468354430382
2003-04-07,5.980357142857136
2003-04-14,8.366463414634147
2003-04-21,12.189440993788812
2003-04-28,14.048502994011972
2003-05-05,12.31125000000001
2003-05-12,13.174545454545456
2003-05-19,16.299401197604787
2003-05-26,14.715476190476195
2003-06-02,18.598181818181796
2003-06-09,16.667469879518073
2003-06-16,22.38253012048194
2003-06-23,23.225149700598795
2003-06-30,23.31250000000001
2003-07-07,25.80920245398775
2003-07-14,21.813017751479286
2003-07-21,23.924999999999994
2003-07-28,22.739869281045753
2003-08-04,21.897023809523805
2003-08-11,21.185714285714294
2003-08-18,23.939285714285717
2003-08-25,25.273170731707324
2003-09-01,22.24411764705883
2003-09-08,20.186227544910174
2003-09-15,20.07409638554215
2003-09-22,16.37305389221559
2003-09-29,11.339880952380948
2003-10-06,9.50121951219512
2003-10-13,16.855357142857144
2003-10-20,11.23630952380952
2003-10-27,7.574251497005987
2003-11-03,5.110119047619046
2003-11-10,-1.2483870967741928
2003-11-17,5.106060606060608
2003-11-24,4.2389221556886225
2003-12-01,-0.3859756097560981
2003-12-08,-0.09999999999999977
2003-12-15,-5.986904761904755
2003-12-22,-3.119277108433735
2003-12-29,0.030434782608694966
2004-01-05,-3.9869047619047624
2004-01-12,-6.304790419161683
2004-01-19,-5.388023952095807
2004-01-26,-7.986904761904763
2004-02-02,-15.427976190476175
2004-02-09,-9.895209580838317
2004-02-16,-9.476785714285718
2004-02-23,-1.2750000000000008
2004-03-01,3.1895104895104884
2004-03-08,2.6000000000000028
2004-03-15,0.229166666666666
2004-03-22,1.6862275449101787
2004-03-29,12.9047619047619
2004-04-05,5.042771084337349
2004-04-12,7.790853658536588
2004-04-19,14.763414634146349
2004-04-26,9.687500000000004
2004-05-03,11.790476190476191
2004-05-10,17.488690476190474
2004-05-17,15.192261904761907
2004-05-24,17.79583333333334
2004-05-31,17.54702380952382
2004-06-07,19.35508982035927
2004-06-14,23.45868263473054
2004-06-21,19.103614457831327
2004-06-28,17.226190476190467
2004-07-05,22.326190476190465
2004-07-12,20.055952380952395
2004-07-19,22.389090909090907
2004-07-26,21.48809523809524
2004-08-02,21.885119047619042
2004-08-09,20.511976047904202
2004-08-16,15.22738095238094
2004-08-23,18.40059523809524
2004-08-30,21.180625000000013
2004-09-06,22.158490566037738
2004-09-13,19.413725490196097
2004-09-20,20.251515151515154
2004-09-27,17.792993630573253
2004-10-04,11.70124223602485
2004-10-11,12.771428571428569
2004-10-18,6.780239520958081
2004-10-25,11.514634146341459
2004-11-01,11.530864197530866
2004-11-08,6.705988023952095
2004-11-15,3.2590361445783125
2004-11-22,8.705357142857146
2004-11-29,1.0694214876033061
2004-12-06,0.017021276595744206
2004-12-13,1.4337748344370898
2004-12-20,-5.704790419161678
2004-12-27,-11.697619047619055
2005-01-03,-1.1208333333333333
2005-01-10,-8.215568862275449
2005-01-17,-13.461309523809524
2005-01-24,-6.946107784431142
2005-01-31,-3.8203592814371334
2005-02-07,1.0958333333333332
2005-02-14,-2.9868263473053935
2005-02-21,-2.3491017964071856
2005-02-28,-1.568072289156627
2005-03-07,0.2024691358024685
2005-03-14,-2.8107142857142855
2005-03-21,0.46130952380952406
2005-03-28,3.553012048192771
2005-04-04,11.229166666666666
2005-04-11,16.160714285714285
2005-04-18,12.655688622754491
2005-04-25,10.842514970059877
2005-05-02,5.460119047619049
2005-05-09,14.825595238095232
2005-05-16,11.142261904761906
2005-05-23,16.31377245508983
2005-05-30,15.636746987951803
2005-06-06,20.751190476190484
2005-06-13,23.098192771084324
2005-06-20,20.10555555555557
2005-06-27,25.694578313253007
2005-07-04,21.71272727272727
2005-07-11,22.93809523809523
2005-07-18,26.063522012578613
2005-07-25,26.17515923566878
2005-08-01,21.306896551724133
2005-08-08,23.34821428571426
2005-08-15,21.301190476190467
2005-08-22,21.38154761904761
2005-08-29,19.511904761904763
2005-09-05,20.07976190476191
2005-09-12,22.976073619631887
2005-09-19,18.42804878048781
2005-09-26,19.057407407407418
2005-10-03,16.601796407185635
2005-10-10,10.992168674698801
2005-10-17,12.891071428571436
2005-10-24,7.850299401197599
2005-10-31,7.358083832335332
2005-11-07,9.15389221556886
2005-11-14,7.455952380952378
2005-11-21,-0.5672619047619043
2005-11-28,1.0634730538922155
2005-12-05,-10.540476190476186
2005-12-12,-11.720238095238088
2005-12-19,-8.888690476190476
2005-12-26,-8.677499999999998
2006-01-02,0.07826086956521738
2006-01-09,-0.673770491803278
2006-01-16,-0.6137724550898205
2006-01-23,-3.175460122699387
2006-01-30,1.9952380952380948
2006-02-06,-2.113772455089821
2006-02-13,-5.623493975903618
2006-02-20,-9.661077844311377
2006-02-27,-1.8825301204819278
2006-03-06,0.37865853658536586
2006-03-13,3.2910714285714313
2006-03-20,-0.33473053892215676
2006-03-27,0.948809523809524
2006-04-03,7.1095238095238145
2006-04-10,8.582530120481927
2006-04-17,16.242261904761904
2006-04-24,12.546428571428562
2006-05-01,11.071084337349395
2006-05-08,12.643113772455084
2006-05-15,10.795833333333327
2006-05-22,15.05535714285713
2006-05-29,23.34251497005989
2006-06-05,21.93571428571429
2006-06-12,18.95361445783133
2006-06-19,22.610714285714277
2006-06-26,19.844444444444434
2006-07-03,22.344848484848477
2006-07-10,21.39101796407186
2006-07-17,24.77333333333333
2006-07-24,22.829696969696975
2006-07-31,27.001796407185623
2006-08-07,24.15773809523811
2006-08-14,22.080357142857135
2006-08-21,20.502976190476183
2006-08-28,22.1095238095238
2006-09-04,18.178571428571427
2006-09-11,17.35178571428574
2006-09-18,16.495808383233534
2006-09-25,12.446428571428575
2006-10-02,14.350303030303031
2006-10-09,14.913690476190471
2006-10-16,5.113690476190478
2006-10-23,4.846428571428568
2006-10-30,5.633132530120482
2006-11-06,1.9970059880239523
2006-11-13,5.638554216867467
2006-11-20,0.7802395209580842
2006-11-27,6.73511904761905
2006-12-04,-3.756547619047621
2006-12-11,-3.058333333333332
2006-12-18,2.333333333333332
2006-12-25,-0.2755952380952382
2007-01-01,2.467261904761905
2007-01-08,0.9928571428571431
2007-01-15,-4.8466666666666685
2007-01-22,-10.11011904761904
2007-01-29,-8.50178571428572
2007-02-05,-17.46526946107785
2007-02-12,-14.436904761904767
2007-02-19,-10.305161290322577
2007-02-26,-0.4000000000000002
2007-03-05,-4.002976190476191
2007-03-12,-0.19226190476190283
2007-03-19,3.2160714285714302
2007-03-26,12.310119047619045
2007-04-02,10.572619047619051
2007-04-09,-0.9191616766467069
2007-04-16,4.032738095238095
2007-04-23,14.210714285714285
2007-04-30,14.129090909090912
2007-05-07,16.29404761904762
2007-05-14,19.934523809523803
2007-05-21,17.43532934131737
2007-05-28,18.201212121212127
2007-06-04,20.116071428571427
2007-06-11,19.608928571428567
2007-06-18,24.248214285714283
2007-06-25,20.7568862275449
2007-07-02,21.623809523809516
2007-07-09,25.78035714285715
2007-07-16,21.362424242424243
2007-07-23,21.69107142857143
2007-07-30,23.957738095238103
2007-08-06,22.828143712574843
2007-08-13,25.37440476190477
2007-08-20,21.75178571428572
2007-08-27,21.92035928143713
2007-09-03,21.488554216867485
2007-09-10,20.624404761904774
2007-09-17,13.783928571428568
2007-09-24,20.492857142857137
2007-10-01,16.642514970059867
2007-10-08,20.23690476190475
2007-10-15,10.933132530120483
2007-10-22,13.095238095238095
2007-10-29,7.456626506024091
2007-11-05,8.240606060606062
2007-11-12,4.307738095238095
2007-11-19,3.9216867469879504
2007-11-26,-0.4380952380952373
2007-12-03,-4.757485029940117
2007-12-10,-8.507738095238103
2007-12-17,-7.901785714285715
2007-12-24,-4.474404761904762
2007-12-31,-5.639520958083833
2008-01-07,-5.7636904761904715
2008-01-14,-3.9279761904761896
2008-01-21,-13.094520547945201
2008-01-28,-9.592125984251963
2008-02-04,-6.450980392156857
2008-02-11,-6.37086092715232
2008-02-18,-9.94999999999999
2008-02-25,-11.39285714285715
2008-03-03,-3.4479166666666674
2008-03-10,-8.538690476190478
2008-03-17,1.1976190476190471
2008-03-24,1.4192771084337357
2008-03-31,2.9837349397590343
2008-04-07,5.691463414634147
2008-04-14,3.324698795180725
2008-04-21,11.456547619047615
2008-04-28,10.150595238095242
2008-05-05,11.26347305389221
2008-05-12,12.843113772455094
2008-05-19,14.350299401197605
2008-05-26,15.27005988023952
2008-06-02,16.590476190476195
2008-06-09,20.720833333333353
2008-06-16,20.73129251700681
2008-06-23,20.99761904761905
2008-06-30,21.82916666666667
2008-07-07,22.751497005988014
2008-07-14,23.10119047619048
2008-07-21,24.28511904761905
2008-07-28,21.514880952380953
2008-08-04,24.786826347305382
2008-08-11,21.004166666666677
2008-08-18,20.965060240963858
2008-08-25,21.229696969696978
2008-09-01,19.452252252252254
2008-09-08,15.053378378378381
2008-09-15,16.36190476190476
2008-09-22,18.811976047904174
2008-09-29,18.755952380952383
2008-10-06,11.956547619047617
2008-10-13,15.796407185628743
2008-10-20,9.06190476190476
2008-10-27,6.870303030303031
2008-11-03,9.205421686746988
2008-11-10,6.3210843373493795
2008-11-17,2.8373493975903625
2008-11-24,-2.1273809523809497
2008-12-01,-1.9940119760479051
2008-12-08,-8.055952380952387
2008-12-15,-6.816969696969701
2008-12-22,-14.234523809523811
2008-12-29,-5.702976190476189
2009-01-05,-8.047904191616766
2009-01-12,-9.24191616766467
2009-01-19,-16.33952095808382
2009-01-26,-12.451497005988028
2009-02-02,-8.555357142857142
2009-02-09,-5.500000000000002
2009-02-16,-1.2077844311377253
2009-02-23,-6.56666666666667
2009-03-02,-3.2517857142857154
2009-03-09,2.1299401197604815
2009-03-16,-0.31488095238095387
2009-03-23,8.266666666666671
2009-03-30,2.8041666666666663
2009-04-06,3.926785714285719
2009-04-13,5.504191616766466
2009-04-20,9.773214285714285
2009-04-27,12.351533742331291
2009-05-04,12.220833333333324
2009-05-11,13.87559523809524
2009-05-18,13.079640718562878
2009-05-25,19.814285714285724
2009-06-01,17.03452380952381
2009-06-08,17.26607142857143
2009-06-15,17.64345238095239
2009-06-22,23.080689655172414
2009-06-29,24.31130952380953
2009-07-06,19.673493975903607
2009-07-13,20.718452380952375
2009-07-20,18.468452380952385
2009-07-27,20.86927710843373
2009-08-03,20.62202380952382
2009-08-10,21.810714285714283
2009-08-17,23.41547619047618
2009-08-24,18.50654761904761
2009-08-31,17.373214285714283
2009-09-07,16.23333333333335
2009-09-14,18.78630952380952
2009-09-21,17.68727272727272
2009-09-28,17.059523809523814
2009-10-05,9.504166666666663
2009-10-12,5.732727272727264
2009-10-19,5.120833333333333
2009-10-26,8.4922619047619
2009-11-02,7.920606060606063
2009-11-09,8.492857142857146
2009-11-16,6.20297619047619
2009-11-23,5.992215568862275
2009-11-30,2.6598802395209575
2009-12-07,-2.9011904761904757
2009-12-14,-9.008333333333324
2009-12-21,-9.156547619047624
2009-12-28,-4.217857142857141
2010-01-04,-16.48392857142857
2010-01-11,-16.134523809523813
2010-01-18,-5.423611111111111
2010-01-25,-2.307185628742516
2010-02-01,-13.03392857142857
2010-02-08,-5.274850299401198
2010-02-15,-10.078571428571426
2010-02-22,-7.234523809523809
2010-03-01,-10.85138121546961
2010-03-08,-3.9831896551724104
2010-03-15,4.8145522388059705
2010-03-22,3.7152892561983455
2010-03-29,5.5575581395348825
2010-04-05,14.008152173913047
2010-04-12,9.402415458937197
2010-04-19,14.012865497076008
2010-04-26,12.25849056603773
2010-05-03,15.161904761904758
2010-05-10,10.659473684210527
2010-05-17,11.383771929824562
2010-05-24,18.289603960396043
2010-05-31,22.51693989071037
2010-06-07,20.068669527897004
2010-06-14,20.40378787878789
2010-06-21,21.562083333333355
2010-06-28,22.50488888888888
2010-07-05,21.946473029045645
2010-07-12,22.654098360655748
2010-07-19,24.300490196078414
2010-07-26,23.915891472868225
2010-08-02,23.100465116279064
2010-08-09,23.91308016877636
2010-08-16,24.577294685990324
2010-08-23,21.742148760330565
2010-08-30,20.643229166666675
2010-09-06,20.2045045045045
2010-09-13,17.94108108108107
2010-09-20,15.151528384279473
2010-09-27,16.503999999999998
2010-10-04,12.375147928994084
2010-10-11,15.487499999999986
2010-10-18,12.50229885057471
2010-10-25,11.971354166666659
2010-11-01,6.407894736842098
2010-11-08,5.548765432098766
2010-11-15,6.051442307692316
2010-11-22,1.9952191235059769
2010-11-29,-1.669585253456223
2010-12-06,-6.646124031007752
2010-12-13,-7.7592452830188705
2010-12-20,-10.648207171314745
2010-12-27,-6.001677852348991
2011-01-03,-5.197101449275365
2011-01-10,-8.678504672897196
2011-01-17,-8.613815789473682
2011-01-24,-12.65801104972376
2011-01-31,-5.2967971530249125
2011-02-07,-8.583461538461531
2011-02-14,-7.950270270270276
2011-02-21,1.7570446735395213
2011-02-28,-5.921081081081081
2011-03-07,-1.1516746411483263
2011-03-14,-0.41115537848605616
2011-03-21,5.361354581673308
2011-03-28,0.9322580645161294
2011-04-04,5.8945355191256805
2011-04-11,11.056476683937827
2011-04-18,6.393805309734515
2011-04-25,4.942692307692309
2011-05-02,7.7100418410041875
2011-05-09,12.71534090909091
2011-05-16,15.234403669724777
2011-05-23,17.01262626262626
2011-05-30,15.595412844036707
2011-06-06,23.75217391304348
2011-06-13,18.801321585903107
2011-06-20,21.097265625000006
2011-06-27,18.940650406504066
2011-07-04,23.36215469613259
2011-07-11,23.935885167464107
2011-07-18,24.99781420765028
2011-07-25,25.924890829694313
2011-08-01,24.979130434782597
2011-08-08,24.432682926829287
2011-08-15,19.915957446808505
2011-08-22,21.944444444444436
2011-08-29,20.756338028169026
2011-09-05,20.306808510638287
2011-09-12,17.374011299435026
2011-09-19,13.120689655172416
2011-09-26,11.267117117117118
2011-10-03,12.682089552238804
2011-10-10,18.42228915662651
2011-10-17,12.71486486486487
2011-10-24,6.526540284360188
2011-10-31,7.537853107344629
2011-11-07,6.091489361702123
2011-11-14,5.178350515463917
2011-11-21,1.7652173913043483
2011-11-28,3.840425531914893
2011-12-05,-1.0391509433962265
2011-12-12,-4.543749999999999
2011-12-19,1.514102564102565
2011-12-26,-1.1227722772277222
2012-01-02,0.46584158415841537
2012-01-09,-0.41569767441860417
2012-01-16,-6.271111111111117
2012-01-23,-9.705415162454877
2012-01-30,-2.13951219512195
2012-02-06,-0.15624999999999992
2012-02-13,-4.471689497716897
2012-02-20,-0.13646408839779015
2012-02-27,-1.5840000000000012
2012-03-05,-1.5697761194029851
2012-03-12,6.968316831683169
2012-03-19,15.38390243902439
2012-03-26,14.452873563218391
2012-04-02,11.231455399061035
2012-04-09,10.506250000000005
2012-04-16,10.332380952380952
2012-04-23,9.283495145631067
2012-04-30,10.57971698113207
2012-05-07,18.360754716981123
2012-05-14,15.439411764705875
2012-05-21,20.448554913294807
2012-05-28,21.085572139303483
2012-06-04,15.393627450980398
2012-06-11,22.787709497206695
2012-06-18,22.272625698324024
2012-06-25,23.345499999999998
2012-07-02,24.88402061855669
2012-07-09,28.540000000000003
2012-07-16,24.452526315789477
2012-07-23,26.336666666666662
2012-07-30,24.91948717948718
2012-08-06,24.161878453038664
2012-08-13,19.7037037037037
2012-08-20,19.053118279569887
2012-08-27,21.663636363636368
2012-09-03,24.789473684210527
2012-09-10,19.38085106382979
2012-09-17,17.16612903225806
2012-09-24,11.341764705882364
2012-10-01,14.019047619047617
2012-10-08,9.05847953216374
2012-10-15,10.48468468468469
2012-10-22,9.838671875
2012-10-29,9.438888888888886
2012-11-05,3.7854651162790693
2012-11-12,5.624413145539914
2012-11-19,5.04186046511628
2012-11-26,1.474162679425838
2012-12-03,4.17265306122449
2012-12-10,0.34466019417475646
2012-12-17,1.1519417475728142
2012-12-24,-5.169140624999998
2012-12-31,-9.440686274509803
2013-01-07,-8.562702702702708
2013-01-14,-2.8191964285714275
2013-01-21,-5.981067961165048
2013-01-28,-6.521461187214612
2013-02-04,-7.189084507042249
2013-02-11,-1.1844262295081969
2013-02-18,-2.3635467980295566
2013-02-25,-8.141078838174275
2013-03-04,-3.457731958762886
2013-03-11,-3.1955414012738825
2013-03-18,-2.0508264462809933
2013-03-25,-4.02102803738318
2013-04-01,2.23778801843318
2013-04-08,6.024102564102563
2013-04-15,4.51952861952862
2013-04-22,5.018103448275866
2013-04-29,10.030107526881721
2013-05-06,8.041501976284582
2013-05-13,13.499512195121934
2013-05-20,20.893532338308447
2013-05-27,13.574900398406381
2013-06-03,17.903124999999996
2013-06-10,16.32192307692307
2013-06-17,22.4839024390244
2013-06-24,23.224644549763045
2013-07-01,21.99396984924624
2013-07-08,24.393333333333317
2013-07-15,23.24946236559141
2013-07-22,26.371666666666673
2013-07-29,18.536082474226806
2013-08-05,19.879227053140106
2013-08-12,20.52680851063831
2013-08-19,17.60597826086956
2013-08-26,23.815500000000007
2013-09-02,25.383417085427133
2013-09-09,21.556382978723388
2013-09-16,18.22673796791444
2013-09-23,17.123000000000005
2013-09-30,16.620879120879113
2013-10-07,16.03939393939395
2013-10-14,13.947058823529407
2013-10-21,7.676097560975601
2013-10-28,2.8703703703703694
2013-11-04,8.547511312217194
2013-11-11,3.1004329004328994
2013-11-18,3.2620370370370386
2013-11-25,-3.031221719457013
2013-12-02,-4.7045454545454595
2013-12-09,-6.915481171548117
2013-12-16,-10.912831858407081
2013-12-23,-6.429910714285717
2013-12-30,-10.49237288135593
2014-01-06,-16.89834710743803
2014-01-13,-7.214414414414408
2014-01-20,-6.396551724137929
2014-01-27,-12.90524475524474
2014-02-03,-12.599537037037033
2014-02-10,-14.804641350210964
2014-02-17,-10.764062499999987
2014-02-24,-4.105479452054795
2014-03-03,-15.553275109170302
2014-03-10,-4.18974358974359
2014-03-17,-0.42872340425531835
2014-03-24,-0.7236051502145916
2014-03-31,3.2850746268656703
2014-04-07,3.7304347826086977
2014-04-14,8.287029288702938
2014-04-21,8.866489361702131
2014-04-28,9.267980295566504
2014-05-05,7.890178571428572
2014-05-12,16.86649746192892
2014-05-19,10.494179894179892
2014-05-26,19.29999999999999
2014-06-02,22.410309278350514
2014-06-09,19.007109004739345
2014-06-16,20.40118343195266
2014-06-23,21.335925925925913
2014-06-30,22.25779816513764
2014-07-07,17.96160337552743
2014-07-14,21.252657004830915
2014-07-21,20.199393939393925
2014-07-28,21.56435643564356
2014-08-04,20.76983240223466
2014-08-11,20.504040404040396
2014-08-18,21.45075376884422
2014-08-25,24.228000000000005
2014-09-01,20.938749999999995
2014-09-08,18.860427807486637
2014-09-15,13.571171171171175
2014-09-22,13.262264150943409
2014-09-29,16.856428571428573
2014-10-06,12.061440677966111
2014-10-13,9.491397849462352
2014-10-20,10.508955223880596
2014-10-27,10.976995305164321
2014-11-03,5.483030303030304
2014-11-10,6.2342391304347755
2014-11-17,-6.385714285714279
2014-11-24,-1.2745967741935467
2014-12-01,-6.17410714285714
2014-12-08,-2.0655
2014-12-15,3.3606617647058785
2014-12-22,-1.7136170212765969
2014-12-29,-0.8194092827004219
2015-01-05,-9.747272727272733
2015-01-12,-14.699581589958159
2015-01-19,-4.632804232804232
2015-01-26,-0.12521739130434775
2015-02-02,-3.4589743589743596
2015-02-09,-7.438073394495405
2015-02-16,-8.81295336787565
2015-02-23,-12.477604166666666
2015-03-02,-12.710447761194036
2015-03-09,-4.691160220994472
2015-03-16,8.231351351351352
2015-03-23,3.4060773480662925
2015-03-30,2.0180952380952384
2015-04-06,11.055851063829785
2015-04-13,8.169288389513113
2015-04-20,13.432022471910116
2015-04-27,6.9377142857142875
2015-05-04,15.07526315789473
2015-05-11,15.634959349593492
2015-05-18,15.139826839826855
2015-05-25,14.513551401869158
2015-06-01,17.55755102040818
2015-06-08,20.480104712041896
2015-06-15,20.92926829268295
2015-06-22,20.879729729729696
2015-06-29,19.721862348178153
2015-07-06,20.19834254143646
2015-07-13,21.494527363184073
2015-07-20,24.036190476190498
2015-07-27,22.64666666666665
2015-08-03,23.418817204301092
2015-08-10,21.663184079601976
2015-08-17,23.08011695906433
2015-08-24,18.69812206572768
2015-08-31,17.2452755905512
2015-09-07,25.461458333333336
2015-09-14,17.929670329670333
2015-09-21,19.36075268817204
2015-09-28,20.21497005988024
2015-10-05,11.69060773480663
2015-10-12,14.94491978609626
2015-10-19,9.511904761904757
2015-10-26,11.2788990825688
2015-11-02,8.986538461538464
2015-11-09,10.154404145077715
2015-11-16,8.047263681592044
2015-11-23,1.0772727272727187
2015-11-30,1.3939130434782634
2015-12-07,1.536000000000001
2015-12-14,6.577906976744182
2015-12-21,0.1785714285714297
2015-12-28,-0.6221153846153845
2016-01-04,-5.592951541850216
2016-01-11,-5.723622047244098
2016-01-18,-11.796585365853659
2016-01-25,-7.694786729857814
2016-02-01,-1.4902222222222228
2016-02-08,-4.097368421052638
2016-02-15,-10.574678111587982
2016-02-22,1.344845360824743
2016-02-29,2.594835680751173
2016-03-07,-1.6881632653061194
2016-03-14,7.843801652892564
2016-03-21,5.751680672268894
2016-03-28,4.276635514018691
2016-04-04,7.058454106280194
2016-04-11,4.188481675392668
2016-04-18,14.089880952380947
2016-04-25,13.709016393442628
2016-05-02,8.249624060150373
2016-05-09,14.934065934065941
2016-05-16,11.748258706467666
2016-05-23,16.179532163742685
2016-05-30,20.287224669603535
2016-06-06,19.335897435897397
2016-06-13,22.336269430051804
2016-06-20,23.640404040404036
2016-06-27,22.696363636363625
2016-07-04,18.890374331550795
2016-07-11,23.345098039215692
2016-07-18,22.06165048543689
2016-07-25,25.455458515283844
2016-08-01,21.728761061946916
2016-08-08,22.492924528301888
2016-08-15,23.07772925764193
2016-08-22,21.01416309012875
2016-08-29,20.723474178403745
2016-09-05,19.955294117647057
2016-09-12,21.107258064516124
2016-09-19,19.06071428571426
2016-09-26,19.991821561338316
2016-10-03,14.455555555555552
2016-10-10,14.50210526315789
2016-10-17,14.685714285714269
2016-10-24,10.65769230769231
2016-10-31,10.187671232876712
2016-11-07,10.773718592964826
2016-11-14,7.027356321839085
2016-11-21,4.294329896907216
2016-11-28,3.6997863247863205
2016-12-05,1.360083333333336
2016-12-12,-6.319218749999995
2016-12-19,-13.765045045045046
2016-12-26,-0.23549107142856743
2017-01-02,-1.509894179894178
2017-01-09,-10.514333333333333
2017-01-16,-5.680934579439255
2017-01-23,1.5365732087227437
2017-01-30,-2.119703703703704
2017-02-06,-3.0918324607329857
2017-02-13,-1.3913333333333344
2017-02-20,4.79581395348837
2017-02-27,1.745199999999999
2017-03-06,4.185607476635515
2017-03-13,-1.0133971291866029
2017-03-20,-0.5483707865168523
2017-03-27,4.608255319148935
2017-04-03,6.1550222222222235
2017-04-10,10.873476190476193
2017-04-17,13.081643192488267
2017-04-24,12.614951923076918
2017-05-01,7.238372093023247
2017-05-08,11.648131868131868
2017-05-15,16.708243243243253
2017-05-22,13.957078651685366
2017-05-29,13.512288135593215
2017-06-05,20.593988095238096
2017-06-12,23.602967032967037
2017-06-19,22.54400943396229
2017-06-26,19.710500000000007
2017-07-03,20.727242990654204
2017-07-10,24.393315508021377
2017-07-17,22.827058823529427
2017-07-24,23.552027027027023
2017-07-31,22.09112499999998
2017-08-07,20.226195652173914
2017-08-14,19.141968911917107
2017-08-21,21.005933014354085
2017-08-28,18.38287958115184
2017-09-04,16.3811155378486
2017-09-11,15.411944444444446
2017-09-18,19.99219251336898
2017-09-25,22.93398009950251
2017-10-02,15.973882978723397
2017-10-09,16.511796875000005
2017-10-16,11.175247933884298
2017-10-23,14.031063829787234
2017-10-30,3.889365853658542
2017-11-06,3.2160444444444476
2017-11-13,-0.9441880341880349
2017-11-20,2.888893280632411
2017-11-27,2.560654761904761
2017-12-04,4.977267441860462
2017-12-11,-3.2504210526315793
2017-12-18,-1.9534871794871769
2017-12-25,-5.1759585492227975
2018-01-01,-18.166775700934583
2018-01-08,-14.009382022471934
2018-01-15,-9.605166666666667
2018-01-22,-4.401392405063294
2018-01-29,-2.2301990049751237
2018-02-05,-8.671367924528303
2018-02-12,-12.857024390243902
2018-02-19,-3.108416289592759
2018-02-26,-1.9487596899224815
2018-03-05,2.0400429184549345
2018-03-12,-2.4324336283185852
2018-03-19,0.34989949748743726
2018-03-26,-0.08458937198067643
2018-04-02,-0.21808080808080804
2018-04-09,-2.587431906614784
2018-04-16,1.8131967213114832
2018-04-23,3.8027570093457936
2018-04-30,11.527300613496935
2018-05-07,17.092922374429214
2018-05-14,14.0941095890411
2018-05-21,17.652642487046634
2018-05-28,23.38157608695653
2018-06-04,22.498846153846152
2018-06-11,21.2785388127854
2018-06-18,22.998915094339612
2018-06-25,20.516120689655178
2018-07-02,22.368143459915622
2018-07-09,23.11015873015873
2018-07-16,24.0491037735849
2018-07-23,20.62520547945206
2018-07-30,19.15376344086022
2018-08-06,21.036775510204105
2018-08-13,21.396775700934597
2018-08-20,21.766040816326488
2018-08-27,20.432600896861
2018-09-03,20.734309764309785
2018-09-10,18.84932126696832
2018-09-17,22.37229411764707
2018-09-24,17.732625
2018-10-01,10.86475471698111
2018-10-08,12.586967213114752
2018-10-15,10.024092664092672
2018-10-22,7.037823529411764
2018-10-29,7.038128654970764
2018-11-05,6.229712918660296
2018-11-12,-1.981284403669725
2018-11-19,-3.414650000000002
2018-11-26,-0.20666666666666622
2018-12-03,-1.727628458498022
2018-12-10,-5.293913043478257
2018-12-17,-1.1691282051282057
2018-12-24,-0.13747368421052536
2018-12-31,-0.8286891385767778
2019-01-07,-0.3446268656716455
2019-01-14,-3.5851470588235315
2019-01-21,-7.120493273542604
2019-01-28,-13.545954692556652
2019-02-04,-13.026546052631582
2019-02-11,-8.527943262411336
2019-02-18,-7.8117793594306
2019-02-25,-6.781010452961692
2019-03-04,-12.315349999999992
2019-03-11,-4.419718309859151
2019-03-18,2.3752966101694883
2019-03-25,4.139029126213594
2019-04-01,5.672
2019-04-08,9.357048458149782
2019-04-15,5.038010752688171
2019-04-22,13.841347150259063
2019-04-29,7.840818965517227
2019-05-06,10.772533333333335
2019-05-13,9.571448598130841
2019-05-20,14.824318181818184
2019-05-27,17.250611353711786
2019-06-03,17.824618834080713
2019-06-10,22.130213903743307
2019-06-17,18.308963730569936
2019-06-24,19.516948529411785
2019-07-01,24.331398963730578
2019-07-08,24.920909090909106
2019-07-15,25.35474576271185
2019-07-22,25.406069651741277
2019-07-29,23.94855614973263
2019-08-05,22.67994047619048
2019-08-12,23.02409909909907
2019-08-19,20.958860759493668
2019-08-26,20.278212560386482
2019-09-02,18.27964999999999
2019-09-09,19.61637681159418
2019-09-16,22.259086956521735
2019-09-23,22.42960526315789
2019-09-30,18.685599999999997
2019-10-07,14.912754716981162
2019-10-14,9.45173708920189
2019-10-21,8.06617424242423
2019-10-28,4.049819819819817
2019-11-04,1.9527488151658767
2019-11-11,-1.4842465753424663
2019-11-18,-1.7000966183574893
2019-11-25,3.157735849056604
2019-12-02,1.3894672131147536
2019-12-09,0.48030612244897924
2019-12-16,-7.578906250000002
2019-12-23,-0.9814201183431981
2019-12-30,2.5160593220338976
2020-01-06,-0.5791555555555562
2020-01-13,-3.6697512437810906
2020-01-20,-9.09448905109488
2020-01-27,-2.9154355400696907
2020-02-03,-2.147973568281933
2020-02-10,-5.932649999999999
2020-02-17,-6.961376146788997
2020-02-24,-3.6086170212765967
2020-03-02,-0.9771038251366115
2020-03-09,5.590760869565218
2020-03-16,2.995086956521739
2020-03-23,3.756527196652724
2020-03-30,7.646000000000002
2020-04-06,6.237329842931933
2020-04-13,7.97599190283402
2020-04-20,4.54017441860465
2020-04-27,13.402717948717955
2020-05-04,14.663240223463681
2020-05-11,9.454944444444447
2020-05-18,14.07140077821011
2020-05-25,17.759249011857705
2020-06-01,20.680239234449743
2020-06-08,25.021349999999998
2020-06-15,20.946341463414644
2020-06-22,21.99133079847917
2020-06-29,24.262641509433962
2020-07-06,26.551459459459448
2020-07-13,25.244673366834174
2020-07-20,24.566512820512823
2020-07-27,25.064810810810815
2020-08-03,23.325689655172404
2020-08-10,22.913968253968264
2020-08-17,23.258496732026153
2020-08-24,22.456544502617792
2020-08-31,24.39169491525425
2020-09-07,19.927512953367874
2020-09-14,12.515979729729732
2020-09-21,16.13059523809524
2020-09-28,18.55270114942528
2020-10-05,10.106193181818172
2020-10-12,17.370229885057466
2020-10-19,7.853244680851059
2020-10-26,3.397567567567571
2020-11-02,3.301149425287356
2020-11-09,14.114943820224719
2020-11-16,2.975338983050845
2020-11-23,3.6981927710843356
2020-11-30,2.1051801801801777
2020-12-07,-1.4470786516853942
2020-12-14,-0.5827804878048777
2020-12-21,-3.5745283018867955
2020-12-28,-5.7705555555555605
2021-01-04,-4.856202531645565
